latitude,longitude,name,status,type,colour,DNR,EIGANDI,DAGS
64.145518,-21.93885945,35324,,Tengikassi/tafla,green,5,Gatnamálastofa-rekstur/viðhald,2001/09/06
64.14491047,-21.93932367,201,,Götuljós,blue,5,Gatnamálastofa-rekstur/viðhald,1997/02/17
64.14340615,-21.93775288,63477,,Götuljós,blue,5,Gatnamálastofa-rekstur/viðhald,2004/10/14
64.14655872,-21.93701654,185,,Götuljós,blue,5,Gatnamálastofa-rekstur/viðhald,1996/02/19
64.1457117,-21.93876056,220,,Götuljós,blue,5,Gatnamálastofa-rekstur/viðhald,1996/05/08
64.14703587,-21.93630942,75344,,Niðurgrafið,green,5,Listasafn Reykjavíkur,2011/09/05
64.14480148,-21.93806896,151,,Götuljós,blue,5,Gatnamálastofa-rekstur/viðhald,1997/02/17
64.14560275,-21.93893581,28260,,Götuljós,blue,5,Gatnamálastofa-rekstur/viðhald,1996/03/14
64.14566044,-21.93628358,132,,Götuljós,blue,5,Gatnamálastofa-rekstur/viðhald,1997/02/17
64.14448105,-21.93774931,141,,Götuljós,blue,5,Gatnamálastofa-rekstur/viðhald,1997/02/17
64.14279002,-21.93970649,26952,,Götuljós,blue,5,Gatnamálastofa-rekstur/viðhald,1997/02/17
64.14277372,-21.93786875,26954,,Götuljós,blue,5,Gatnamálastofa-rekstur/viðhald,1997/02/17
64.14566844,-21.93708008,130,,Götuljós,blue,5,Gatnamálastofa-rekstur/viðhald,1997/02/18
64.14577491,-21.93755151,129,,Götuljós,blue,5,Gatnamálastofa-rekstur/viðhald,1997/02/18
64.14554654,-21.9387763,187,,Götuljós,blue,5,Gatnamálastofa-rekstur/viðhald,1997/02/19
64.14581809,-21.9383423,186,,Götuljós,blue,5,Gatnamálastofa-rekstur/viðhald,1997/02/19
64.14539181,-21.93922566,28262,,Götuljós,blue,5,Gatnamálastofa-rekstur/viðhald,1996/03/14
64.14677471,-21.93629959,28422,,Götuljós,blue,5,Gatnamálastofa-rekstur/viðhald,1997/02/18
64.14684936,-21.93603372,170,,Götuljós,blue,5,Gatnamálastofa-rekstur/viðhald,1997/02/18
64.14688152,-21.93647395,28419,,Götuljós,blue,5,Gatnamálastofa-rekstur/viðhald,1997/02/18
64.14656454,-21.93637511,171,,Götuljós,blue,5,Gatnamálastofa-rekstur/viðhald,1997/02/18
64.14416666,-21.93787539,63482,,Götuljós,blue,5,Gatnamálastofa-rekstur/viðhald,2004/10/14
64.14385894,-21.9378216,63479,,Götuljós,blue,5,Gatnamálastofa-rekstur/viðhald,2004/10/14
64.14364309,-21.93971243,35690,,Götuljós,blue,5,Gatnamálastofa-rekstur/viðhald,2001/11/08
64.14309045,-21.93768557,63478,,Götuljós,blue,5,Gatnamálastofa-rekstur/viðhald,2004/10/14
64.14356075,-21.93777925,63481,,Götuljós,blue,5,Gatnamálastofa-rekstur/viðhald,2004/10/14
64.14371262,-21.93781247,63476,,Götuljós,blue,5,Gatnamálastofa-rekstur/viðhald,2004/10/14
64.14444695,-21.9379765,63483,,Götuljós,blue,5,Gatnamálastofa-rekstur/viðhald,2004/10/14
64.1442071,-21.93957158,203,,Götuljós,blue,5,Gatnamálastofa-rekstur/viðhald,1997/07/09
64.146445,-21.93652319,172,,Götuljós,blue,5,Gatnamálastofa-rekstur/viðhald,1997/02/18
64.14691447,-21.93654722,184,,Götuljós,blue,5,Gatnamálastofa-rekstur/viðhald,1998/08/14
64.1469659,-21.93592701,169,,Götuljós,blue,5,Gatnamálastofa-rekstur/viðhald,1997/02/18
64.1445805,-21.9380221,152,,Götuljós,blue,5,Gatnamálastofa-rekstur/viðhald,1997/02/17
64.14525741,-21.93785869,149,,Götuljós,blue,5,Gatnamálastofa-rekstur/viðhald,1997/02/17
64.14441767,-21.93726553,140,,Götuljós,blue,5,Gatnamálastofa-rekstur/viðhald,1997/02/17
64.14468299,-21.93695424,138,,Götuljós,blue,5,Gatnamálastofa-rekstur/viðhald,1997/02/17
64.14533737,-21.93911045,188,,Götuljós,blue,5,Gatnamálastofa-rekstur/viðhald,1997/02/17
64.14566108,-21.93829354,116,,Götuljós,blue,5,Gatnamálastofa-rekstur/viðhald,1996/07/20
64.1451137,-21.93661661,136,,Götuljós,blue,5,Gatnamálastofa-rekstur/viðhald,1997/02/17
64.14292586,-21.93866751,35694,,Götuljós,blue,5,Gatnamálastofa-rekstur/viðhald,2001/11/08
64.14547146,-21.93616226,133,,Götuljós,blue,5,Gatnamálastofa-rekstur/viðhald,1997/02/17
64.14430519,-21.93952799,30059,,Götuljós,blue,5,Fríkirkjusöfnuðurinn Reykjavík,1997/07/09
64.14698927,-21.93670345,208,,Götuljós,blue,5,Gatnamálastofa-rekstur/viðhald,1997/02/19
64.14401161,-21.93783626,63480,,Götuljós,blue,5,Gatnamálastofa-rekstur/viðhald,2004/10/14
64.14334503,-21.93965948,35691,,Götuljós,blue,5,Gatnamálastofa-rekstur/viðhald,2001/11/08
64.14491699,-21.93674965,137,,Götuljós,blue,5,Gatnamálastofa-rekstur/viðhald,1997/02/17
64.14701268,-21.93629681,75343,,Niðurgrafið,green,5,Listasafn Reykjavíkur,2011/09/05
64.14579198,-21.93862873,219,,Götuljós,blue,5,Gatnamálastofa-rekstur/viðhald,1996/05/08
64.14702483,-21.93634044,75342,,Niðurgrafið,green,5,Listasafn Reykjavíkur,2011/09/05
64.1431938,-21.93895696,35693,,Götuljós,blue,5,Gatnamálastofa-rekstur/viðhald,2001/11/08
64.14451716,-21.93825841,142,,Götuljós,blue,5,Gatnamálastofa-rekstur/viðhald,1998/08/14
64.14552205,-21.93834248,117,,Götuljós,blue,5,Gatnamálastofa-rekstur/viðhald,1996/02/19
64.14557347,-21.93665959,131,,Götuljós,blue,5,Gatnamálastofa-rekstur/viðhald,1997/02/17
64.1443881,-21.93949113,30060,,Götuljós,blue,5,Fríkirkjusöfnuðurinn Reykjavík,1997/07/09
64.14688529,-21.93616888,28417,,Götuljós,blue,5,Gatnamálastofa-rekstur/viðhald,1997/02/18
64.14670931,-21.93619443,207,,Götuljós,blue,5,Gatnamálastofa-rekstur/viðhald,1997/02/18
64.14277807,-21.93875591,26953,,Götuljós,blue,5,Gatnamálastofa-rekstur/viðhald,1997/02/17
64.14570967,-21.93768726,147,,Götuljós,blue,5,Gatnamálastofa-rekstur/viðhald,1997/02/17
64.14300382,-21.93975232,35692,,Götuljós,blue,5,Gatnamálastofa-rekstur/viðhald,2001/11/08
64.1442959,-21.93793409,63474,,Götuljós,blue,5,Gatnamálastofa-rekstur/viðhald,2004/10/14
64.14524456,-21.93880854,63937,,Götuljós,blue,5,Gatnamálastofa-rekstur/viðhald,2004/11/18
64.14362026,-21.93921875,35689,,Götuljós,blue,5,Gatnamálastofa-rekstur/viðhald,2001/11/08
64.14519438,-21.93827169,63936,,Götuljós,blue,5,Gatnamálastofa-rekstur/viðhald,2004/11/18
64.14587128,-21.93797826,128,,Götuljós,blue,5,Gatnamálastofa-rekstur/viðhald,1997/02/18
64.14548646,-21.93773927,148,,Götuljós,blue,5,Gatnamálastofa-rekstur/viðhald,1997/02/17
64.14446552,-21.93712419,139,,Götuljós,blue,5,Gatnamálastofa-rekstur/viðhald,1997/02/17
64.14336641,-21.93993117,205,,Götuljós,blue,5,Gatnamálastofa-rekstur/viðhald,1997/02/17
64.1450425,-21.93797583,150,,Götuljós,blue,5,Gatnamálastofa-rekstur/viðhald,1997/02/17
64.14587974,-21.93848466,218,,Götuljós,blue,5,Gatnamálastofa-rekstur/viðhald,1996/05/08
64.14451752,-21.93926847,144,,Götuljós,blue,5,Gatnamálastofa-rekstur/viðhald,1997/07/09
64.14673078,-21.93666357,28715,,Götuljós,blue,5,Gatnamálastofa-rekstur/viðhald,1997/02/18
64.14663349,-21.93651975,28421,,Götuljós,blue,5,Gatnamálastofa-rekstur/viðhald,1997/02/18
64.14550469,-21.93909184,28261,,Götuljós,blue,5,Gatnamálastofa-rekstur/viðhald,1996/03/14
64.1453181,-21.93873882,119,,Götuljós,blue,5,Gatnamálastofa-rekstur/viðhald,1996/07/20
64.14301536,-21.94008107,206,,Götuljós,blue,5,Gatnamálastofa-rekstur/viðhald,1997/02/17
64.14456709,-21.93947771,202,,Götuljós,blue,5,Gatnamálastofa-rekstur/viðhald,1997/07/09
64.14378776,-21.93975125,204,,Götuljós,blue,5,Gatnamálastofa-rekstur/viðhald,1997/02/17
64.14527373,-21.93928732,28263,,Götuljós,blue,5,Gatnamálastofa-rekstur/viðhald,1996/03/14
64.14324782,-21.9377254,63475,,Götuljós,blue,5,Gatnamálastofa-rekstur/viðhald,2004/10/14
64.14532126,-21.9394308,31761,,Götuljós,blue,5,Gatnamálastofa-rekstur/viðhald,1999/03/18
64.14534853,-21.93642855,135,,Götuljós,blue,5,Gatnamálastofa-rekstur/viðhald,1997/02/17
64.14538718,-21.93850995,118,,Götuljós,blue,5,Gatnamálastofa-rekstur/viðhald,1996/07/20
64.14461073,-21.93846018,189,,Götuljós,blue,5,Lóðarhafi,1997/02/17
64.14449269,-21.93875574,143,,Götuljós,blue,5,Reykjavíkurborg - eignasjóður,1997/02/17
64.14642167,-21.93762154,214,,Götuljós,blue,5,Gatnamálastofa-rekstur/viðhald,1997/02/19
64.14319625,-21.94035195,199,,Götuljós,blue,5,Gatnamálastofa-rekstur/viðhald,1996/05/08
64.14364595,-21.94015918,197,,Götuljós,blue,5,Gatnamálastofa-rekstur/viðhald,1996/05/08
64.14522192,-21.93947599,125,,Götuljós,blue,5,Gatnamálastofa-rekstur/viðhald,1996/05/08
64.14717296,-21.93663661,62172,,Götuljós,blue,5,Gatnamálastofa-rekstur/viðhald,2003/11/20
64.14631637,-21.93779184,179,,Götuljós,blue,5,Gatnamálastofa-rekstur/viðhald,1997/02/19
64.14628631,-21.93761233,114,,Götuljós,blue,5,Gatnamálastofa-rekstur/viðhald,1997/02/18
64.14602302,-21.93827266,217,,Götuljós,blue,5,Gatnamálastofa-rekstur/viðhald,1996/05/08
64.14610916,-21.93813543,216,,Götuljós,blue,5,Gatnamálastofa-rekstur/viðhald,1996/05/08
64.1463908,-21.93847688,126,,Götuljós,blue,5,Gatnamálastofa-rekstur/viðhald,1996/05/08
64.1438617,-21.94006543,196,,Götuljós,blue,5,Gatnamálastofa-rekstur/viðhald,1996/05/08
64.1440731,-21.93997414,195,,Götuljós,blue,5,Gatnamálastofa-rekstur/viðhald,1996/05/08
64.14431465,-21.93986166,194,,Götuljós,blue,5,Gatnamálastofa-rekstur/viðhald,1996/05/08
64.14474413,-21.93968048,192,,Götuljós,blue,5,Gatnamálastofa-rekstur/viðhald,1996/05/08
64.14494012,-21.93959396,191,,Götuljós,blue,5,Gatnamálastofa-rekstur/viðhald,1996/05/08
64.14513474,-21.93951248,190,,Götuljós,blue,5,Gatnamálastofa-rekstur/viðhald,1996/05/08
64.14541917,-21.93936774,124,,Götuljós,blue,5,Gatnamálastofa-rekstur/viðhald,1996/05/08
64.14711701,-21.93650801,62175,,Götuljós,blue,5,Gatnamálastofa-rekstur/viðhald,2003/11/20
64.14299767,-21.94044265,200,,Götuljós,blue,5,Gatnamálastofa-rekstur/viðhald,1996/05/08
64.14341922,-21.94026233,198,,Götuljós,blue,5,Gatnamálastofa-rekstur/viðhald,1996/05/08
64.14453443,-21.93977509,193,,Götuljós,blue,5,Gatnamálastofa-rekstur/viðhald,1996/05/08
64.14641441,-21.9379395,182,,Götuljós,blue,5,Gatnamálastofa-rekstur/viðhald,1996/05/08
64.14665232,-21.93756752,181,,Götuljós,blue,5,Gatnamálastofa-rekstur/viðhald,1996/05/08
64.14689715,-21.93716142,180,,Götuljós,blue,5,Gatnamálastofa-rekstur/viðhald,1996/05/08
64.146034,-21.93793538,115,,Götuljós,blue,5,Gatnamálastofa-rekstur/viðhald,1997/02/18
64.14661435,-21.93730988,212,,Götuljós,blue,5,Gatnamálastofa-rekstur/viðhald,1997/02/19
63.81383984,-29.18632624,84266,,Götuljós,blue,5,Reykjavíkurborg - eignasjóður,2022/11/21
60.49539772,-21.59459004,84267,,Götuljós,blue,5,Reykjavíkurborg - eignasjóður,2022/11/21
64.14671362,-21.93714932,211,,Götuljós,blue,5,Gatnamálastofa-rekstur/viðhald,1997/02/19
64.14680534,-21.93700095,210,,Götuljós,blue,5,Gatnamálastofa-rekstur/viðhald,1997/02/19
64.14689595,-21.9368544,209,,Götuljós,blue,5,Gatnamálastofa-rekstur/viðhald,1997/02/19
64.14650961,-21.93747927,213,,Götuljós,blue,5,Gatnamálastofa-rekstur/viðhald,1997/02/19
64.14711289,-21.93681558,120,,Götuljós,blue,5,Gatnamálastofa-rekstur/viðhald,1996/05/08
64.14584191,-21.93935524,84264,,Götuljós,blue,5,Reykjavíkurborg - eignasjóður,2022/11/21
64.14577196,-21.93904136,84265,,Götuljós,blue,5,Reykjavíkurborg - eignasjóður,2022/11/21
64.14563091,-21.93914573,123,,Götuljós,blue,5,Gatnamálastofa-rekstur/viðhald,1996/05/08
64.14621514,-21.93796658,215,,Götuljós,blue,5,Gatnamálastofa-rekstur/viðhald,1996/05/08
64.14484157,-21.93099919,38932,,Götuljós,blue,7,Reykjavíkurborg - eignasjóður,2003/01/22
64.14490212,-21.93096799,38926,,Götuljós,blue,7,Reykjavíkurborg - eignasjóður,2003/01/22
64.14517846,-21.93135413,38924,,Götuljós,blue,7,Reykjavíkurborg - eignasjóður,2003/01/22
64.14444016,-21.93064526,38935,,Götuljós,blue,7,Reykjavíkurborg - eignasjóður,2003/01/23
64.14523448,-21.9268295,280,,Götuljós,blue,7,Reykjavíkurborg - eignasjóður,1997/10/21
64.14526007,-21.9332358,32745,,Götuljós,blue,7,Reykjavíkurborg - eignasjóður,1999/11/01
64.14414302,-21.93007462,70680,,Götuljós,blue,7,Reykjavíkurborg - eignasjóður,2008/10/13
64.14482298,-21.93501554,336,,Götuljós,blue,7,Reykjavíkurborg - eignasjóður,1997/10/21
64.14711986,-21.93618972,71654,,Götuljós,blue,7,Reykjavíkurborg - eignasjóður,2009/01/14
64.14705674,-21.93583588,71652,,Götuljós,blue,7,Reykjavíkurborg - eignasjóður,2009/01/14
64.1469954,-21.93553865,71655,,Götuljós,blue,7,Reykjavíkurborg - eignasjóður,2009/01/14
64.14692992,-21.93522136,71648,,Götuljós,blue,7,Reykjavíkurborg - eignasjóður,2009/01/14
64.14658148,-21.93354719,38903,,Götuljós,blue,7,Reykjavíkurborg - eignasjóður,2003/01/23
64.14615349,-21.93264507,38907,,Götuljós,blue,7,Reykjavíkurborg - eignasjóður,2003/01/23
64.14533544,-21.92807623,28578,,Götuljós,blue,7,Reykjavíkurborg - eignasjóður,1998/07/23
64.14494749,-21.9254728,284,,Götuljós,blue,7,Reykjavíkurborg - eignasjóður,1997/10/21
64.14543497,-21.92717868,289,,Götuljós,blue,7,Reykjavíkurborg - eignasjóður,1997/10/21
64.14604806,-21.93272361,38911,,Götuljós,blue,7,Reykjavíkurborg - eignasjóður,2003/01/23
64.14601123,-21.93247926,38908,,Götuljós,blue,7,Reykjavíkurborg - eignasjóður,2003/01/23
64.14539973,-21.92760884,277,,Götuljós,blue,7,Reykjavíkurborg - eignasjóður,1997/10/21
64.14572949,-21.93168544,38917,,Götuljós,blue,7,Reykjavíkurborg - eignasjóður,2003/01/23
64.1468484,-21.93348679,62725,,Götuljós,blue,7,Reykjavíkurborg - eignasjóður,2004/02/09
64.14714071,-21.93317358,63086,,Götuljós,blue,7,Reykjavíkurborg - eignasjóður,2004/05/26
64.14763659,-21.93563073,62168,,Götuljós,blue,7,Reykjavíkurborg - eignasjóður,2003/11/20
64.14729763,-21.93620971,62169,,Götuljós,blue,7,Reykjavíkurborg - eignasjóður,2003/11/20
64.14741064,-21.93601667,62174,,Götuljós,blue,7,Reykjavíkurborg - eignasjóður,2003/11/20
64.14752392,-21.93582319,62173,,Götuljós,blue,7,Reykjavíkurborg - eignasjóður,2003/11/20
64.14562275,-21.92874188,273,,Götuljós,blue,7,Reykjavíkurborg - eignasjóður,1997/10/21
64.14553701,-21.92851526,274,,Götuljós,blue,7,Reykjavíkurborg - eignasjóður,1997/10/21
64.14671223,-21.93416647,71650,,Götuljós,blue,7,Reykjavíkurborg - eignasjóður,2009/01/14
64.14664865,-21.93385838,71653,,Götuljós,blue,7,Reykjavíkurborg - eignasjóður,2009/01/14
64.14560737,-21.93197954,38918,,Götuljós,blue,7,Reykjavíkurborg - eignasjóður,2003/01/23
64.14587742,-21.93170477,62080,,Götuljós,blue,7,Reykjavíkurborg - eignasjóður,2003/11/19
64.14597816,-21.93135416,62076,,Götuljós,blue,7,Reykjavíkurborg - eignasjóður,2003/11/19
64.14390699,-21.93379897,63771,,Götuljós,blue,7,Reykjavíkurborg - eignasjóður,2004/08/04
64.14570501,-21.92915597,271,,Götuljós,blue,7,Reykjavíkurborg - eignasjóður,1997/10/21
64.1467456,-21.93395943,62183,,Götuljós,blue,7,Reykjavíkurborg - eignasjóður,2003/11/21
64.14686155,-21.93489004,71649,,Götuljós,blue,7,Reykjavíkurborg - eignasjóður,2009/01/14
64.14667553,-21.93364478,62176,,Götuljós,blue,7,Reykjavíkurborg - eignasjóður,2003/11/21
64.14459971,-21.93359871,334,,Götuljós,blue,7,Reykjavíkurborg - eignasjóður,1997/10/21
64.14678776,-21.9345325,71651,,Götuljós,blue,7,Reykjavíkurborg - eignasjóður,2009/01/14
64.14582278,-21.92968934,354,,Götuljós,blue,7,Reykjavíkurborg - eignasjóður,1997/10/21
64.14596521,-21.93035882,352,,Götuljós,blue,7,Reykjavíkurborg - eignasjóður,1997/10/21
64.14563509,-21.92899071,272,,Götuljós,blue,7,Reykjavíkurborg - eignasjóður,1997/10/21
64.14331969,-21.92895926,70692,,Götuljós,blue,7,Reykjavíkurborg - eignasjóður,2008/10/13
64.14623783,-21.93166917,348,,Götuljós,blue,7,Reykjavíkurborg - eignasjóður,1997/10/21
64.14565477,-21.92688025,288,,Götuljós,blue,7,Reykjavíkurborg - eignasjóður,1997/10/21
64.14339834,-21.93331298,63751,,Götuljós,blue,7,Reykjavíkurborg - eignasjóður,2004/08/05
64.14305941,-21.92860609,70695,,Götuljós,blue,7,Reykjavíkurborg - eignasjóður,2008/10/13
64.14533862,-21.93108727,62063,,Götuljós,blue,7,Reykjavíkurborg - eignasjóður,2003/11/17
64.14580382,-21.93040783,62059,,Götuljós,blue,7,Reykjavíkurborg - eignasjóður,2003/11/17
64.14562324,-21.93073631,62062,,Götuljós,blue,7,Reykjavíkurborg - eignasjóður,2003/11/18
64.14386488,-21.92969829,70685,,Götuljós,blue,7,Reykjavíkurborg - eignasjóður,2008/10/13
64.14480846,-21.92504368,33522,,Götuljós,blue,7,Reykjavíkurborg - eignasjóður,2001/04/10
64.14482357,-21.92512087,33523,,Götuljós,blue,7,Reykjavíkurborg - eignasjóður,2001/04/10
64.14531676,-21.92707135,279,,Götuljós,blue,7,Reykjavíkurborg - eignasjóður,1997/10/21
64.14291779,-21.92838988,70703,,Götuljós,blue,7,Reykjavíkurborg - eignasjóður,2008/10/13
64.14504329,-21.9311612,38925,,Götuljós,blue,7,Reykjavíkurborg - eignasjóður,2003/01/22
64.14702452,-21.9333139,62726,,Götuljós,blue,7,Reykjavíkurborg - eignasjóður,2004/02/09
64.14507936,-21.93149375,63755,,Götuljós,blue,7,Reykjavíkurborg - eignasjóður,2004/07/29
64.14425689,-21.93023755,70677,,Götuljós,blue,7,Reykjavíkurborg - eignasjóður,2008/10/13
64.14527827,-21.93110914,62057,,Götuljós,blue,7,Reykjavíkurborg - eignasjóður,2003/11/17
64.14577263,-21.93058625,62064,,Götuljós,blue,7,Reykjavíkurborg - eignasjóður,2003/11/18
64.1459512,-21.93153923,62079,,Götuljós,blue,7,Reykjavíkurborg - eignasjóður,2003/11/19
64.14284826,-21.93390914,63752,,Götuljós,blue,7,Reykjavíkurborg - eignasjóður,2004/08/05
64.14702671,-21.93532534,62180,,Götuljós,blue,7,Reykjavíkurborg - eignasjóður,2003/11/21
64.14696358,-21.93502728,62182,,Götuljós,blue,7,Reykjavíkurborg - eignasjóður,2003/11/21
64.14688293,-21.93465108,62181,,Götuljós,blue,7,Reykjavíkurborg - eignasjóður,2003/11/21
64.14681526,-21.93430171,62177,,Götuljós,blue,7,Reykjavíkurborg - eignasjóður,2003/11/21
64.14600134,-21.93075651,351,,Götuljós,blue,7,Reykjavíkurborg - eignasjóður,1997/10/21
64.14528056,-21.9312995,324,,Götuljós,blue,7,Reykjavíkurborg - eignasjóður,1997/10/21
64.14749635,-21.93476562,25454,,Götuljós,blue,7,Reykjavíkurborg - eignasjóður,1998/08/14
64.1472018,-21.93327098,25450,,Götuljós,blue,7,Reykjavíkurborg - eignasjóður,1998/08/14
64.14696435,-21.93504854,35338,,Upplýst skilti,green,7,Reykjavíkurborg - eignasjóður,2001/09/07
64.14555728,-21.92942004,75934,,Götuljós,blue,7,Reykjavíkurborg - eignasjóður,2012/09/26
64.14546565,-21.92948308,75905,,Götuljós,blue,7,Reykjavíkurborg - eignasjóður,2012/09/26
64.14532189,-21.92957296,75936,,Götuljós,blue,7,Reykjavíkurborg - eignasjóður,2012/09/27
64.14517343,-21.92968283,75931,,Götuljós,blue,7,Reykjavíkurborg - eignasjóður,2012/09/27
64.14453611,-21.92998069,75933,,Götuljós,blue,7,Reykjavíkurborg - eignasjóður,2012/09/27
64.14639514,-21.93266471,345,,Götuljós,blue,7,Reykjavíkurborg - eignasjóður,1997/10/21
64.14639964,-21.93239531,346,,Götuljós,blue,7,Reykjavíkurborg - eignasjóður,1997/10/21
64.14614575,-21.93139406,349,,Götuljós,blue,7,Reykjavíkurborg - eignasjóður,1997/10/21
64.14492995,-21.93285958,76979,,Götuljós,blue,7,Reykjavíkurborg - eignasjóður,2013/11/26
64.144878,-21.93307526,76981,,Götuljós,blue,7,Reykjavíkurborg - eignasjóður,2013/11/26
64.14628346,-21.9320618,347,,Götuljós,blue,7,Reykjavíkurborg - eignasjóður,1997/10/21
64.14571875,-21.92936971,355,,Götuljós,blue,7,Reykjavíkurborg - eignasjóður,1997/10/21
64.14552174,-21.92820415,275,,Götuljós,blue,7,Reykjavíkurborg - eignasjóður,1997/10/21
64.14542844,-21.92795613,276,,Götuljós,blue,7,Reykjavíkurborg - eignasjóður,1997/10/21
64.14584971,-21.93006186,353,,Götuljós,blue,7,Reykjavíkurborg - eignasjóður,1997/10/21
64.1447703,-21.93304223,76974,,Götuljós,blue,7,Reykjavíkurborg - eignasjóður,2013/11/26
64.14475875,-21.93323525,76985,,Götuljós,blue,7,Reykjavíkurborg - eignasjóður,2013/11/26
64.14463203,-21.9331773,76982,,Götuljós,blue,7,Reykjavíkurborg - eignasjóður,2013/11/26
64.14463124,-21.93337834,76978,,Götuljós,blue,7,Reykjavíkurborg - eignasjóður,2013/11/26
64.1440261,-21.93263431,80802,,Götuljós,blue,7,Reykjavíkurborg - eignasjóður,2019/11/20
64.14381553,-21.93267511,80809,,Götuljós,blue,7,Reykjavíkurborg - eignasjóður,2019/11/20
64.14412406,-21.93233456,80803,,Götuljós,blue,7,Reykjavíkurborg - eignasjóður,2019/11/20
64.14612331,-21.93102294,350,,Götuljós,blue,7,Reykjavíkurborg - eignasjóður,1997/10/21
64.14630371,-21.93308399,38909,,Götuljós,blue,7,Reykjavíkurborg - eignasjóður,2003/01/23
64.14470021,-21.93432295,335,,Götuljós,blue,7,Reykjavíkurborg - eignasjóður,1997/10/21
64.14548173,-21.93223298,327,,Götuljós,blue,7,Reykjavíkurborg - eignasjóður,1997/10/21
64.14546519,-21.93241822,76984,,Götuljós,blue,7,Reykjavíkurborg - eignasjóður,2013/11/26
64.14537126,-21.93234149,76977,,Götuljós,blue,7,Reykjavíkurborg - eignasjóður,2013/11/26
64.14533564,-21.93251763,76983,,Götuljós,blue,7,Reykjavíkurborg - eignasjóður,2013/11/26
64.14522025,-21.93252744,76973,,Götuljós,blue,7,Reykjavíkurborg - eignasjóður,2013/11/26
64.14515353,-21.93273297,76975,,Götuljós,blue,7,Reykjavíkurborg - eignasjóður,2013/11/26
64.14507763,-21.9327021,76976,,Götuljós,blue,7,Reykjavíkurborg - eignasjóður,2013/11/26
64.14503216,-21.93291321,76980,,Götuljós,blue,7,Reykjavíkurborg - eignasjóður,2013/11/26
64.14316804,-21.92875394,70694,,Götuljós,blue,7,Reykjavíkurborg - eignasjóður,2008/10/13
64.1450644,-21.92578449,283,,Götuljós,blue,7,Reykjavíkurborg - eignasjóður,1997/10/21
64.14659667,-21.93337937,38901,,Götuljós,blue,7,Reykjavíkurborg - eignasjóður,2003/01/23
64.14434263,-21.93229312,80804,,Götuljós,blue,7,Reykjavíkurborg - eignasjóður,2019/11/20
64.14430454,-21.932478,80800,,Götuljós,blue,7,Reykjavíkurborg - eignasjóður,2019/11/20
64.14439412,-21.93279799,80801,,Götuljós,blue,7,Reykjavíkurborg - eignasjóður,2019/11/20
64.14536459,-21.93161936,38922,,Götuljós,blue,7,Reykjavíkurborg - eignasjóður,2003/01/23
64.14442044,-21.93199441,80806,,Götuljós,blue,7,Reykjavíkurborg - eignasjóður,2019/11/20
64.14721725,-21.93592635,62178,,Götuljós,blue,7,Reykjavíkurborg - eignasjóður,2003/11/21
64.14716905,-21.93594787,62184,,Götuljós,blue,7,Reykjavíkurborg - eignasjóður,2003/11/21
64.14709547,-21.93562908,62179,,Götuljós,blue,7,Reykjavíkurborg - eignasjóður,2003/11/21
64.14495657,-21.93138356,80808,,Götuljós,blue,7,Reykjavíkurborg - eignasjóður,2019/11/20
64.14457811,-21.93200838,80805,,Götuljós,blue,7,Reykjavíkurborg - eignasjóður,2019/11/20
64.14468526,-21.93170966,80810,,Götuljós,blue,7,Reykjavíkurborg - eignasjóður,2019/11/20
64.14488787,-21.93168253,80807,,Götuljós,blue,7,Reykjavíkurborg - eignasjóður,2019/11/20
64.14469834,-21.93080864,38931,,Götuljós,blue,7,Reykjavíkurborg - eignasjóður,2003/01/22
64.1449181,-21.92514774,33518,,Götuljós,blue,7,Reykjavíkurborg - eignasjóður,2000/06/20
64.14520212,-21.92649294,281,,Götuljós,blue,7,Reykjavíkurborg - eignasjóður,1997/10/21
64.14568284,-21.92822697,26257,,Götuljós,blue,7,Reykjavíkurborg - eignasjóður,1997/10/21
64.14652826,-21.93305498,38902,,Götuljós,blue,7,Reykjavíkurborg - eignasjóður,2003/01/23
64.14534078,-21.93045791,63886,,Götuljós,blue,7,Reykjavíkurborg - eignasjóður,2004/11/16
64.14496196,-21.93115933,38933,,Götuljós,blue,7,Reykjavíkurborg - eignasjóður,2003/01/22
64.14644533,-21.93284868,38905,,Götuljós,blue,7,Reykjavíkurborg - eignasjóður,2003/01/23
64.14590695,-21.93253472,38912,,Götuljós,blue,7,Reykjavíkurborg - eignasjóður,2003/01/23
64.14400267,-21.92989132,70684,,Götuljós,blue,7,Reykjavíkurborg - eignasjóður,2008/10/13
64.14578243,-21.93235036,38914,,Götuljós,blue,7,Reykjavíkurborg - eignasjóður,2003/01/23
64.14565913,-21.93216749,38916,,Götuljós,blue,7,Reykjavíkurborg - eignasjóður,2003/01/23
64.14516891,-21.93144109,38934,,Götuljós,blue,7,Reykjavíkurborg - eignasjóður,2003/01/22
64.1434464,-21.92912987,70691,,Götuljós,blue,7,Reykjavíkurborg - eignasjóður,2008/10/13
64.14268766,-21.92806999,70699,,Götuljós,blue,7,Reykjavíkurborg - eignasjóður,2008/10/13
64.14323434,-21.93332953,63757,,Götuljós,blue,7,Reykjavíkurborg - eignasjóður,2004/08/04
64.14360669,-21.92934742,70687,,Götuljós,blue,7,Reykjavíkurborg - eignasjóður,2008/10/13
64.14313457,-21.93360759,63754,,Götuljós,blue,7,Reykjavíkurborg - eignasjóður,2004/08/05
64.14567531,-21.93055467,62058,,Götuljós,blue,7,Reykjavíkurborg - eignasjóður,2003/11/17
64.1455471,-21.93197606,38920,,Götuljós,blue,7,Reykjavíkurborg - eignasjóður,2003/01/22
64.14453882,-21.93044166,38929,,Götuljós,blue,7,Reykjavíkurborg - eignasjóður,2003/01/22
64.14354554,-21.9296042,70707,,Götuljós,blue,7,Reykjavíkurborg - eignasjóður,2008/10/13
64.1434732,-21.9295074,70706,,Götuljós,blue,7,Reykjavíkurborg - eignasjóður,2008/10/13
64.14270166,-21.93392875,63760,,Götuljós,blue,7,Reykjavíkurborg - eignasjóður,2004/08/04
64.1457344,-21.93209164,38915,,Götuljós,blue,7,Reykjavíkurborg - eignasjóður,2003/01/23
64.14260066,-21.9342229,63762,,Götuljós,blue,7,Reykjavíkurborg - eignasjóður,2004/08/05
64.14380108,-21.93308039,63770,,Götuljós,blue,7,Reykjavíkurborg - eignasjóður,2004/08/04
64.1435373,-21.92925321,70689,,Götuljós,blue,7,Reykjavíkurborg - eignasjóður,2008/10/13
64.14372599,-21.92950949,70686,,Götuljós,blue,7,Reykjavíkurborg - eignasjóður,2008/10/13
64.1427795,-21.92819994,70697,,Götuljós,blue,7,Reykjavíkurborg - eignasjóður,2008/10/13
64.1443737,-21.93041717,38939,,Götuljós,blue,7,Reykjavíkurborg - eignasjóður,2003/01/23
64.14628052,-21.93281977,38906,,Götuljós,blue,7,Reykjavíkurborg - eignasjóður,2003/01/23
64.144766,-21.93077807,38927,,Götuljós,blue,7,Reykjavíkurborg - eignasjóður,2003/01/22
64.14551707,-21.93183638,38919,,Götuljós,blue,7,Reykjavíkurborg - eignasjóður,2003/01/23
64.145875,-21.9322883,38913,,Götuljós,blue,7,Reykjavíkurborg - eignasjóður,2003/01/23
64.14447665,-21.93309066,61118,,Götuljós,blue,7,Reykjavíkurborg - eignasjóður,2003/07/08
64.14384598,-21.93343181,63769,,Götuljós,blue,7,Reykjavíkurborg - eignasjóður,2004/08/04
64.14458918,-21.93013787,38936,,Götuljós,blue,7,Reykjavíkurborg - eignasjóður,2003/01/23
64.14508526,-21.92617766,282,,Götuljós,blue,7,Reykjavíkurborg - eignasjóður,1997/10/21
64.14586508,-21.93151245,62078,,Götuljós,blue,7,Reykjavíkurborg - eignasjóður,2003/11/19
64.14652082,-21.93325312,38904,,Götuljós,blue,7,Reykjavíkurborg - eignasjóður,2003/01/23
64.14463483,-21.93059507,38928,,Götuljós,blue,7,Reykjavíkurborg - eignasjóður,2003/01/22
64.14541458,-21.93179012,38921,,Götuljós,blue,7,Reykjavíkurborg - eignasjóður,2003/01/22
64.14240846,-21.93411654,63766,,Götuljós,blue,7,Reykjavíkurborg - eignasjóður,2004/11/01
64.14617607,-21.9329118,38910,,Götuljós,blue,7,Reykjavíkurborg - eignasjóður,2003/01/23
64.1464498,-21.93317001,38899,,Götuljós,blue,7,Reykjavíkurborg - eignasjóður,2003/01/23
64.14455002,-21.93061136,38930,,Götuljós,blue,7,Reykjavíkurborg - eignasjóður,2003/01/22
64.14541097,-21.9307927,62061,,Götuljós,blue,7,Reykjavíkurborg - eignasjóður,2003/11/17
64.1454865,-21.93089041,62060,,Götuljós,blue,7,Reykjavíkurborg - eignasjóður,2003/11/17
64.14350668,-21.9330348,63759,,Götuljós,blue,7,Reykjavíkurborg - eignasjóður,2004/08/05
64.14527877,-21.93016812,63888,,Götuljós,blue,7,Reykjavíkurborg - eignasjóður,2004/11/16
64.1453166,-21.9273802,278,,Götuljós,blue,7,Reykjavíkurborg - eignasjóður,1997/10/21
64.14644933,-21.9332035,38900,,Götuljós,blue,7,Reykjavíkurborg - eignasjóður,2003/01/23
64.14233199,-21.93450504,63748,,Götuljós,blue,7,Reykjavíkurborg - eignasjóður,2004/08/05
64.14297589,-21.93365249,63765,,Götuljós,blue,7,Reykjavíkurborg - eignasjóður,2004/08/04
64.14520887,-21.92982551,63887,,Götuljós,blue,7,Reykjavíkurborg - eignasjóður,2004/11/16
64.14528152,-21.93160107,38923,,Götuljós,blue,7,Reykjavíkurborg - eignasjóður,2003/01/22
64.14735141,-21.93402954,25455,,Götuljós,blue,7,Reykjavíkurborg - eignasjóður,1998/08/14
64.14728076,-21.92883906,15725,,Götuljós,blue,463,Gatnamálastofa-rekstur/viðhald,1995/12/13
64.14843094,-21.93187752,15710,,Götuljós,blue,463,Gatnamálastofa-rekstur/viðhald,1995/12/13
64.14766169,-21.92902502,27117,,Götuljós,blue,463,Rekstrarfélag stjórnarráðsbygg,1995/12/13
64.14794384,-21.93061854,15767,,Götuljós,blue,463,Rekstrarfélag stjórnarráðsbygg,1995/12/13
64.14781927,-21.93156687,15720,,Götuljós,blue,463,Gatnamálastofa-rekstur/viðhald,1995/12/13
64.14786575,-21.92847942,4497,,Götuljós,blue,463,Gatnamálastofa-rekstur/viðhald,1996/01/24
64.14819186,-21.93212343,15711,,Götuljós,blue,463,Gatnamálastofa-rekstur/viðhald,1995/12/13
64.14801652,-21.93230359,15712,,Götuljós,blue,463,Gatnamálastofa-rekstur/viðhald,1995/12/13
64.15177886,-21.93181938,780,,Götuljós,blue,463,Faxaflóahafnir sf,1994/05/24
64.15147209,-21.93172323,781,,Götuljós,blue,463,Faxaflóahafnir sf,1994/05/24
64.15187254,-21.93248081,779,,Götuljós,blue,463,Faxaflóahafnir sf,1994/05/24
64.14927493,-21.93032376,4504,,Götuljós,blue,463,Gatnamálastofa-rekstur/viðhald,1996/01/24
64.1494922,-21.92757307,75235,,Götuljós,blue,463,Gatnamálastofa-rekstur/viðhald,2011/06/06
64.14932533,-21.92714541,75240,,Götuljós,blue,463,Gatnamálastofa-rekstur/viðhald,2011/06/06
64.14651628,-21.91985999,4522,,Götuljós,blue,463,Vegagerðin,1996/01/31
64.14721657,-21.92853081,15726,,Götuljós,blue,463,Gatnamálastofa-rekstur/viðhald,1995/12/13
64.14730503,-21.92864334,27118,,Götuljós,blue,463,Rekstrarfélag stjórnarráðsbygg,1995/12/13
64.14772294,-21.92839568,27115,,Götuljós,blue,463,Rekstrarfélag stjórnarráðsbygg,1995/12/13
64.14982176,-21.92911466,75238,,Götuljós,blue,463,Gatnamálastofa-rekstur/viðhald,2011/06/06
64.14794843,-21.93015374,15765,,Götuljós,blue,463,Rekstrarfélag stjórnarráðsbygg,1995/12/13
64.14817118,-21.93040097,15772,,Götuljós,blue,463,Rekstrarfélag stjórnarráðsbygg,1995/12/13
64.14653388,-21.92839284,15737,,Götuljós,blue,463,Gatnamálastofa-rekstur/viðhald,1995/12/13
64.14745728,-21.92972723,15723,,Götuljós,blue,463,Gatnamálastofa-rekstur/viðhald,1995/12/13
64.15195239,-21.93305869,778,,Götuljós,blue,463,Faxaflóahafnir sf,1994/05/19
64.14800261,-21.92903175,4496,,Götuljós,blue,463,Gatnamálastofa-rekstur/viðhald,1996/01/24
64.14774886,-21.92798942,4498,,Götuljós,blue,463,Gatnamálastofa-rekstur/viðhald,1996/01/24
64.14826736,-21.93008099,4494,,Götuljós,blue,463,Gatnamálastofa-rekstur/viðhald,1996/01/24
64.14856215,-21.93132473,4491,,Götuljós,blue,463,Gatnamálastofa-rekstur/viðhald,1996/01/24
64.14868078,-21.92943359,4501,,Götuljós,blue,463,Gatnamálastofa-rekstur/viðhald,1998/07/13
64.14768646,-21.93007787,15762,,Götuljós,blue,463,Gatnamálastofa-rekstur/viðhald,1995/12/13
64.14792131,-21.92983876,15763,,Götuljós,blue,463,Gatnamálastofa-rekstur/viðhald,1995/12/13
64.14781707,-21.93029268,15770,,Götuljós,blue,463,Rekstrarfélag stjórnarráðsbygg,1995/12/13
64.14813507,-21.92954262,4495,,Götuljós,blue,463,Gatnamálastofa-rekstur/viðhald,1996/01/24
64.14753921,-21.92915263,27119,,Götuljós,blue,463,Rekstrarfélag stjórnarráðsbygg,1995/12/13
64.14761036,-21.92941675,27120,,Götuljós,blue,463,Rekstrarfélag stjórnarráðsbygg,1995/12/13
64.14800852,-21.92438308,4515,,Götuljós,blue,463,Vegagerðin,1996/01/31
64.15196391,-21.9331421,70069,,Siglingaljós,green,463,OR - Veitur,1994/05/24
64.14908011,-21.92973847,4503,,Götuljós,blue,463,Gatnamálastofa-rekstur/viðhald,1996/01/24
64.1488605,-21.92901093,4502,,Götuljós,blue,463,Gatnamálastofa-rekstur/viðhald,1996/01/24
64.14677255,-21.92651854,66729,,Götuljós,blue,463,Gatnamálastofa-rekstur/viðhald,2006/05/18
64.14673749,-21.92769563,65888,,Götuljós,blue,463,Gatnamálastofa-rekstur/viðhald,2005/12/12
64.14713314,-21.92812919,15738,,Götuljós,blue,463,Gatnamálastofa-rekstur/viðhald,1995/12/13
64.14794059,-21.93094718,78684,,Götuljós,blue,463,Húseigandi,2016/04/18
64.14868783,-21.92633481,4512,,Götuljós,blue,463,Vegagerðin,1996/01/24
64.14888407,-21.92695654,4511,,Götuljós,blue,463,Vegagerðin,1996/01/24
64.14585983,-21.91602267,4527,,Götuljós,blue,463,Vegagerðin,1996/01/31
64.14638483,-21.92465209,71506,,Götuljós,blue,463,Gatnamálastofa-rekstur/viðhald,2009/01/09
64.14783895,-21.92771623,76885,,Götuljós,blue,463,Gatnamálastofa-rekstur/viðhald,2013/11/05
64.14799262,-21.92758667,76874,,Götuljós,blue,463,Gatnamálastofa-rekstur/viðhald,2013/11/05
64.1476193,-21.92795658,76893,,Götuljós,blue,463,Gatnamálastofa-rekstur/viðhald,2013/11/05
64.14778209,-21.92788678,76890,,Götuljós,blue,463,Gatnamálastofa-rekstur/viðhald,2013/11/05
64.14809557,-21.92766362,76880,,Götuljós,blue,463,Gatnamálastofa-rekstur/viðhald,2013/11/05
64.14736353,-21.92806161,76881,,Götuljós,blue,463,Gatnamálastofa-rekstur/viðhald,2013/11/05
64.14720073,-21.92817281,76887,,Götuljós,blue,463,Gatnamálastofa-rekstur/viðhald,2013/11/05
64.14687545,-21.92838412,76876,,Götuljós,blue,463,Gatnamálastofa-rekstur/viðhald,2013/11/05
64.14671733,-21.9284947,76891,,Götuljós,blue,463,Gatnamálastofa-rekstur/viðhald,2013/11/05
64.14659221,-21.9285787,76877,,Götuljós,blue,463,Gatnamálastofa-rekstur/viðhald,2013/11/05
64.14646182,-21.92864917,76878,,Götuljós,blue,463,Gatnamálastofa-rekstur/viðhald,2013/11/05
64.14656509,-21.92872428,76883,,Götuljós,blue,463,Gatnamálastofa-rekstur/viðhald,2013/11/05
64.14683957,-21.9285059,76896,,Götuljós,blue,463,Gatnamálastofa-rekstur/viðhald,2013/11/05
64.15105834,-21.93152051,76503,,Götuljós,blue,463,Gatnamálastofa-rekstur/viðhald,2013/04/15
64.15064694,-21.93139751,76499,,Götuljós,blue,463,Gatnamálastofa-rekstur/viðhald,2013/04/15
64.15044447,-21.93133697,76500,,Götuljós,blue,463,Gatnamálastofa-rekstur/viðhald,2013/04/15
64.15004638,-21.93119241,76497,,Götuljós,blue,463,Gatnamálastofa-rekstur/viðhald,2013/04/15
64.14697839,-21.92840469,76879,,Götuljós,blue,463,Gatnamálastofa-rekstur/viðhald,2013/11/05
64.14729367,-21.92811948,76889,,Götuljós,blue,463,Gatnamálastofa-rekstur/viðhald,2013/11/05
64.14692083,-21.9272715,15728,,Götuljós,blue,463,Gatnamálastofa-rekstur/viðhald,1995/12/13
64.14684102,-21.92686576,66730,,Götuljós,blue,463,Gatnamálastofa-rekstur/viðhald,2006/05/18
64.14644522,-21.92493652,71503,,Götuljós,blue,463,Gatnamálastofa-rekstur/viðhald,2009/01/09
64.14989611,-21.92966416,75236,,Götuljós,blue,463,Gatnamálastofa-rekstur/viðhald,2011/06/06
64.14823167,-21.92504819,4514,,Götuljós,blue,463,Vegagerðin,1996/01/24
64.14737052,-21.92894721,27116,,Götuljós,blue,463,Rekstrarfélag stjórnarráðsbygg,1995/12/13
64.148784,-21.93082005,27112,,Götuljós,blue,463,Rekstrarfélag stjórnarráðsbygg,1996/01/24
64.14619894,-21.92632213,15734,,Götuljós,blue,463,Gatnamálastofa-rekstur/viðhald,1995/12/13
64.1462877,-21.92602358,15733,,Götuljós,blue,463,Gatnamálastofa-rekstur/viðhald,1995/12/13
64.14779498,-21.92370593,4516,,Götuljós,blue,463,Vegagerðin,1996/01/31
64.14772618,-21.93070598,15769,,Götuljós,blue,463,Rekstrarfélag stjórnarráðsbygg,1995/12/13
64.1474818,-21.93022969,15761,,Götuljós,blue,463,Gatnamálastofa-rekstur/viðhald,1995/12/13
64.1474927,-21.92844711,27114,,Götuljós,blue,463,Rekstrarfélag stjórnarráðsbygg,1995/12/13
64.14997204,-21.93079776,75231,,Götuljós,blue,463,Gatnamálastofa-rekstur/viðhald,2011/06/06
64.1484894,-21.93101774,4492,,Götuljós,blue,463,Gatnamálastofa-rekstur/viðhald,1996/01/24
64.1497391,-21.92857169,75239,,Götuljós,blue,463,Gatnamálastofa-rekstur/viðhald,2011/06/06
64.1478347,-21.93252657,15713,,Götuljós,blue,463,Gatnamálastofa-rekstur/viðhald,1995/12/13
64.14652895,-21.92553846,71505,,Götuljós,blue,463,Gatnamálastofa-rekstur/viðhald,2009/01/09
64.14591209,-21.91686018,4526,,Götuljós,blue,463,Vegagerðin,1996/01/31
64.14755198,-21.92304005,4517,,Götuljós,blue,463,Vegagerðin,1996/01/31
64.14767386,-21.92983053,27121,,Götuljós,blue,463,Rekstrarfélag stjórnarráðsbygg,1995/12/13
64.14664686,-21.9259892,66727,,Götuljós,blue,463,Gatnamálastofa-rekstur/viðhald,2006/05/18
64.14682164,-21.92761679,65887,,Götuljós,blue,463,Gatnamálastofa-rekstur/viðhald,2005/12/12
64.14736458,-21.92925956,15724,,Götuljós,blue,463,Gatnamálastofa-rekstur/viðhald,1995/12/13
64.14837436,-21.93053241,4493,,Götuljós,blue,463,Gatnamálastofa-rekstur/viðhald,1996/01/24
64.14850645,-21.92890534,4500,,Götuljós,blue,463,Gatnamálastofa-rekstur/viðhald,1998/07/13
64.14790384,-21.92992398,15764,,Götuljós,blue,463,Rekstrarfélag stjórnarráðsbygg,1995/12/13
64.14809815,-21.93075069,15771,,Götuljós,blue,463,Rekstrarfélag stjórnarráðsbygg,1995/12/13
64.14794607,-21.9303926,15766,,Götuljós,blue,463,Rekstrarfélag stjórnarráðsbygg,1995/12/13
64.1508528,-21.93145905,76498,,Götuljós,blue,463,Gatnamálastofa-rekstur/viðhald,2013/04/15
64.15023653,-21.9312748,76501,,Götuljós,blue,463,Gatnamálastofa-rekstur/viðhald,2013/04/15
64.14653517,-21.92569548,15732,,Götuljós,blue,463,Gatnamálastofa-rekstur/viðhald,1995/12/13
64.14643916,-21.92770461,15736,,Götuljós,blue,463,Gatnamálastofa-rekstur/viðhald,1995/12/13
64.14768158,-21.92782564,76882,,Götuljós,blue,463,Gatnamálastofa-rekstur/viðhald,2013/11/05
64.14815373,-21.92745445,76892,,Götuljós,blue,463,Gatnamálastofa-rekstur/viðhald,2013/11/05
64.14793638,-21.92779218,76886,,Götuljós,blue,463,Gatnamálastofa-rekstur/viðhald,2013/11/05
64.14749349,-21.92804423,76894,,Götuljós,blue,463,Gatnamálastofa-rekstur/viðhald,2013/11/05
64.14703851,-21.92827008,76875,,Götuljós,blue,463,Gatnamálastofa-rekstur/viðhald,2013/11/05
64.14670602,-21.92859794,76895,,Götuljós,blue,463,Gatnamálastofa-rekstur/viðhald,2013/11/05
64.14717046,-21.9282418,76884,,Götuljós,blue,463,Gatnamálastofa-rekstur/viðhald,2013/11/05
64.14745349,-21.92789306,,,,green,463,OR - Veitur,2013/09/03
64.14754927,-21.92791807,76873,,Götuljós,blue,463,Gatnamálastofa-rekstur/viðhald,2013/11/05
64.14683427,-21.92742909,65886,,Götuljós,blue,463,Gatnamálastofa-rekstur/viðhald,2005/12/12
64.15126234,-21.9315815,76502,,Götuljós,blue,463,Gatnamálastofa-rekstur/viðhald,2013/04/15
64.14600932,-21.92643534,28270,,Götuljós,blue,463,Gatnamálastofa-rekstur/viðhald,1995/12/14
64.14844527,-21.92569337,4513,,Götuljós,blue,463,Vegagerðin,1996/01/24
64.14762163,-21.93274389,15714,,Götuljós,blue,463,Gatnamálastofa-rekstur/viðhald,1995/12/13
64.14649919,-21.92522762,71502,,Götuljós,blue,463,Gatnamálastofa-rekstur/viðhald,2009/01/09
64.14711881,-21.9216191,4519,,Götuljós,blue,463,Vegagerðin,1996/01/31
64.14962912,-21.92805489,75234,,Götuljós,blue,463,Gatnamálastofa-rekstur/viðhald,2011/06/06
64.14792147,-21.93206981,15719,,Götuljós,blue,463,Gatnamálastofa-rekstur/viðhald,1995/12/13
64.1467207,-21.92047882,4521,,Götuljós,blue,463,Vegagerðin,1996/01/31
64.14690178,-21.92101629,4520,,Götuljós,blue,463,Vegagerðin,1996/01/31
64.14732097,-21.92234734,4518,,Götuljós,blue,463,Vegagerðin,1996/01/31
64.14721222,-21.92198923,81104,,Götuljós,blue,463,Vegagerðin,2020/05/11
64.14624017,-21.92405559,71504,,Götuljós,blue,463,Gatnamálastofa-rekstur/viðhald,2009/01/09
64.1463247,-21.92434392,71507,,Götuljós,blue,463,Gatnamálastofa-rekstur/viðhald,2009/01/09
64.14707397,-21.92811631,15727,,Götuljós,blue,463,Gatnamálastofa-rekstur/viðhald,1995/12/13
64.14631852,-21.9269879,15735,,Götuljós,blue,463,Gatnamálastofa-rekstur/viðhald,1995/12/13
64.14672241,-21.92627163,66728,,Götuljós,blue,463,Gatnamálastofa-rekstur/viðhald,2006/05/18
64.1499514,-21.93022487,75232,,Götuljós,blue,463,Gatnamálastofa-rekstur/viðhald,2011/06/06
64.14750292,-21.92223818,30179,,Götuljósaskápur,green,463,Reykjavíkurborg - eignasjóður,2001/02/08
64.14823969,-21.92767122,,,,green,463,Reykjavíkurborg - eignasjóður,2013/09/04
64.14759402,-21.93045861,77208,,Götuljós,blue,463,Reykjavíkurborg - eignasjóður,2014/03/07
64.14769905,-21.93094731,77209,,Götuljós,blue,463,Reykjavíkurborg - eignasjóður,2014/03/07
64.14783176,-21.93255201,79329,,Tengikassi/tafla,green,463,Reykjavíkurborg - eignasjóður,2017/02/02
64.14894335,-21.93299663,18458,,Götuljós,blue,463,Reykjavíkurborg - eignasjóður,1997/09/09
64.14938304,-21.93134149,4506,,Götuljós,blue,463,Reykjavíkurborg - eignasjóður,1996/01/24
64.14904485,-21.92752516,813,,Götuljós,blue,463,Vegagerðin,1995/12/13
64.14901482,-21.9285527,4510,,Götuljós,blue,463,Reykjavíkurborg - eignasjóður,1996/01/24
64.14921367,-21.9323098,69029,,Götuljós,blue,463,Reykjavíkurborg - eignasjóður,2007/10/12
64.1492162,-21.93317914,74613,,Götuljós,blue,463,Reykjavíkurborg - eignasjóður,2010/10/27
64.14919676,-21.92913699,4509,,Götuljós,blue,463,Reykjavíkurborg - eignasjóður,1996/01/24
64.14932278,-21.92976094,4508,,Götuljós,blue,463,Reykjavíkurborg - eignasjóður,1996/01/24
64.14962406,-21.92982958,74609,,Götuljós,blue,463,Reykjavíkurborg - eignasjóður,2010/10/27
64.14965449,-21.93077042,74612,,Götuljós,blue,463,Reykjavíkurborg - eignasjóður,2010/10/27
64.14940025,-21.93258268,74610,,Götuljós,blue,463,Reykjavíkurborg - eignasjóður,2010/10/27
64.14957774,-21.9315942,74611,,Götuljós,blue,463,Reykjavíkurborg - eignasjóður,2010/10/27
64.1494795,-21.92896262,811,,Götuljós,blue,463,Reykjavíkurborg - eignasjóður,1995/12/13
64.14928721,-21.9282905,812,,Götuljós,blue,463,Reykjavíkurborg - eignasjóður,1995/12/13
64.14936245,-21.93048884,4507,,Götuljós,blue,463,Reykjavíkurborg - eignasjóður,1996/01/24
64.14934142,-21.9281816,76295,,Upplýst skilti,green,463,Reykjavíkurborg - eignasjóður,2013/01/10
64.14947187,-21.93249398,77073,,Strætóskýli,green,463,Reykjavíkurborg - eignasjóður,2013/10/17
64.14600325,-21.91761932,4525,,Götuljós,blue,463,Vegagerðin,1996/01/31
64.14614483,-21.91841683,4524,,Götuljós,blue,463,Vegagerðin,1996/01/31
64.14632127,-21.91916757,4523,,Götuljós,blue,463,Vegagerðin,1996/01/31
64.14819079,-21.9275663,76888,,Götuljós,blue,463,Gatnamálastofa-rekstur/viðhald,2013/11/05
64.14730761,-21.93314988,35376,,Upplýst skilti,green,619,Reykjavíkurborg - eignasjóður,2003/03/28
64.14666309,-21.93195758,71791,,Götuljós,blue,619,Reykjavíkurborg - eignasjóður,2009/01/28
64.14687265,-21.93329105,63090,,Götuljós,blue,619,Reykjavíkurborg - eignasjóður,2004/05/26
64.14708568,-21.9330745,63087,,Götuljós,blue,619,Reykjavíkurborg - eignasjóður,2004/05/26
64.14733076,-21.93304055,15715,,Götuljós,blue,619,Reykjavíkurborg - eignasjóður,1995/12/13
64.14677567,-21.93113136,28863,,Strætóskýli,green,619,Reykjavíkurborg - eignasjóður,1996/08/06
64.1476501,-21.93481458,22763,,Götuljós,blue,619,Reykjavíkurborg - eignasjóður,1996/05/06
64.14641554,-21.932051,71789,,Götuljós,blue,619,Reykjavíkurborg - eignasjóður,2009/01/28
64.14670933,-21.93173561,71788,,Götuljós,blue,619,Reykjavíkurborg - eignasjóður,2009/01/28
64.14734828,-21.9334504,22761,,Götuljós,blue,619,Reykjavíkurborg - eignasjóður,1996/05/06
64.14746807,-21.93407289,22762,,Götuljós,blue,619,Reykjavíkurborg - eignasjóður,1996/05/06
64.14691048,-21.93164339,80832,,Götuljós,blue,619,Reykjavíkurborg - eignasjóður,2019/11/29
64.14699282,-21.93206136,80841,,Götuljós,blue,619,Reykjavíkurborg - eignasjóður,2019/11/29
64.14705666,-21.93242489,80842,,Götuljós,blue,619,Reykjavíkurborg - eignasjóður,2019/11/29
64.14711765,-21.93273695,80843,,Götuljós,blue,619,Reykjavíkurborg - eignasjóður,2019/11/29
64.14720743,-21.93318472,80837,,Götuljós,blue,619,Reykjavíkurborg - eignasjóður,2019/11/29
64.14686351,-21.93109715,80830,,Götuljós,blue,619,Reykjavíkurborg - eignasjóður,2019/11/29
64.14692993,-21.93139329,80831,,Götuljós,blue,619,Reykjavíkurborg - eignasjóður,2019/11/29
64.14700693,-21.93178743,80833,,Götuljós,blue,619,Reykjavíkurborg - eignasjóður,2019/11/29
64.14708896,-21.93220846,80840,,Götuljós,blue,619,Reykjavíkurborg - eignasjóður,2019/11/29
64.1471481,-21.93251416,80839,,Götuljós,blue,619,Reykjavíkurborg - eignasjóður,2019/11/29
64.14720985,-21.93283958,80835,,Götuljós,blue,619,Reykjavíkurborg - eignasjóður,2019/11/29
64.14729626,-21.93321448,80836,,Götuljós,blue,619,Reykjavíkurborg - eignasjóður,2019/11/29
64.14657856,-21.93187283,71790,,Götuljós,blue,619,Reykjavíkurborg - eignasjóður,2009/01/28
64.14695243,-21.93139893,82311,,Niðurgrafið,green,619,Reykjavíkurborg - eignasjóður,2021/07/05
64.14696418,-21.93145747,82316,,Niðurgrafið,green,619,Reykjavíkurborg - eignasjóður,2021/07/05
64.14697595,-21.93151606,82312,,Niðurgrafið,green,619,Reykjavíkurborg - eignasjóður,2021/07/05
64.14698771,-21.93157463,82315,,Niðurgrafið,green,619,Reykjavíkurborg - eignasjóður,2021/07/05
64.14699862,-21.93162899,82317,,Niðurgrafið,green,619,Reykjavíkurborg - eignasjóður,2021/07/05
64.14700938,-21.93168256,82313,,Niðurgrafið,green,619,Reykjavíkurborg - eignasjóður,2021/07/05
64.14702052,-21.93173805,82314,,Niðurgrafið,green,619,Reykjavíkurborg - eignasjóður,2021/07/05
64.14769852,-21.93482115,28729,,Tengikassi/tafla,green,619,Reykjavíkurborg - eignasjóður,2001/02/08
64.14674127,-21.93088039,80834,,Götuljós,blue,619,Reykjavíkurborg - eignasjóður,2019/11/29
64.14682358,-21.93081064,80838,,Götuljós,blue,619,Reykjavíkurborg - eignasjóður,2019/11/29
64.14685308,-21.93129157,80829,,Götuljós,blue,619,Reykjavíkurborg - eignasjóður,2019/11/29
64.14542272,-21.93397516,32742,,Götuljós,blue,712,Gatnamálastofa-rekstur/viðhald,2002/08/07
64.14540234,-21.9343062,32741,,Götuljós,blue,712,Gatnamálastofa-rekstur/viðhald,2002/08/07
64.14676414,-21.93409964,,,Tengill,green,712,,2003/11/24
64.14698593,-21.93515988,,,Tengill,green,712,,2003/11/24
64.14647236,-21.93721484,31395,,Strætóskýli,green,712,Strætó bs,1999/01/04
64.14692531,-21.93488267,76526,,Tengill,green,712,,2003/11/24
64.14537775,-21.93574362,134,,Götuljós,blue,712,Gatnamálastofa-rekstur/viðhald,1997/02/17
64.14515728,-21.93571263,25414,,Götuljós,blue,712,Gatnamálastofa-rekstur/viðhald,1998/08/14
64.14528266,-21.93370999,32743,,Götuljós,blue,712,Gatnamálastofa-rekstur/viðhald,2002/08/07
64.14686225,-21.93457107,0,,Tengill,green,712,,2003/11/24
64.14547142,-21.93547182,25416,,Götuljós,blue,712,Gatnamálastofa-rekstur/viðhald,1998/08/14
64.14567621,-21.93531579,25417,,Götuljós,blue,712,Gatnamálastofa-rekstur/viðhald,1998/08/14
64.14583483,-21.93438164,25435,,Götuljós,blue,712,Gatnamálastofa-rekstur/viðhald,1998/08/14
64.14560772,-21.93462538,25434,,Götuljós,blue,712,Gatnamálastofa-rekstur/viðhald,1998/08/14
64.14586056,-21.93600555,25423,,Götuljós,blue,712,Gatnamálastofa-rekstur/viðhald,1998/08/14
64.14604405,-21.93417036,25437,,Götuljós,blue,712,Gatnamálastofa-rekstur/viðhald,1998/08/14
64.14684217,-21.93542876,25461,,Götuljós,blue,712,Gatnamálastofa-rekstur/viðhald,1998/08/14
64.14655466,-21.93578629,25458,,Götuljós,blue,712,Gatnamálastofa-rekstur/viðhald,1998/08/14
64.14644238,-21.93589259,25457,,Götuljós,blue,712,Gatnamálastofa-rekstur/viðhald,1998/08/14
64.14647697,-21.93697127,25419,,Götuljós,blue,712,Gatnamálastofa-rekstur/viðhald,1998/08/14
64.14496311,-21.9356935,25431,,Götuljós,blue,712,Gatnamálastofa-rekstur/viðhald,1998/08/14
64.14367622,-21.93686176,25406,,Götuljós,blue,712,Gatnamálastofa-rekstur/viðhald,1998/08/17
64.14534948,-21.93545152,35167,,Götuljós,blue,712,Gatnamálastofa-rekstur/viðhald,2001/07/18
64.14707038,-21.93554141,76470,,Tengill,green,712,,2003/11/24
64.14308311,-21.93734223,25403,,Götuljós,blue,712,Gatnamálastofa-rekstur/viðhald,1998/08/17
64.14654909,-21.9337358,25439,,Götuljós,blue,712,Gatnamálastofa-rekstur/viðhald,1998/08/14
64.14525654,-21.93496152,25433,,Götuljós,blue,712,Gatnamálastofa-rekstur/viðhald,1998/08/14
64.14410031,-21.93655462,25408,,Götuljós,blue,712,Gatnamálastofa-rekstur/viðhald,1998/08/17
64.14522301,-21.9335232,,,,green,712,OR - Veitur,2013/08/26
64.14672578,-21.93449428,25426,,Götuljós,blue,712,Gatnamálastofa-rekstur/viðhald,1998/08/14
64.14652253,-21.93465034,25427,,Götuljós,blue,712,Gatnamálastofa-rekstur/viðhald,1998/08/14
64.14594569,-21.9340146,30439,,Götuljós,blue,712,Gatnamálastofa-rekstur/viðhald,1997/12/01
64.14323896,-21.93722222,25404,,Götuljós,blue,712,Gatnamálastofa-rekstur/viðhald,1998/08/17
64.14345146,-21.93705794,25405,,Götuljós,blue,712,Gatnamálastofa-rekstur/viðhald,1998/08/17
64.14631063,-21.93479124,25428,,Götuljós,blue,712,Gatnamálastofa-rekstur/viðhald,1998/08/14
64.14434131,-21.93673947,25409,,Götuljós,blue,712,Gatnamálastofa-rekstur/viðhald,1998/08/17
64.14678186,-21.93418696,,,Tengill,green,712,,2003/11/24
64.14705201,-21.93545042,,,Tengill,green,712,,2003/11/24
64.14697154,-21.93511304,,,Tengill,green,712,,2003/11/24
64.14495378,-21.93583163,25413,,Götuljós,blue,712,Gatnamálastofa-rekstur/viðhald,1998/08/17
64.14495846,-21.93528336,25432,,Götuljós,blue,712,Gatnamálastofa-rekstur/viðhald,1998/08/14
64.1458986,-21.9351564,25418,,Götuljós,blue,712,Gatnamálastofa-rekstur/viðhald,1998/08/14
64.14607854,-21.93612909,25421,,Götuljós,blue,712,Menntaskólinn í Reykjav,1998/08/14
64.14591929,-21.9344377,25436,,Götuljós,blue,712,Gatnamálastofa-rekstur/viðhald,1998/08/14
64.14664311,-21.9356763,25459,,Götuljós,blue,712,Gatnamálastofa-rekstur/viðhald,1998/08/14
64.14636175,-21.93643916,25420,,Götuljós,blue,712,Gatnamálastofa-rekstur/viðhald,1998/08/14
64.14625227,-21.9359336,25422,,Götuljós,blue,712,Gatnamálastofa-rekstur/viðhald,1998/08/14
64.1461105,-21.93495631,25429,,Götuljós,blue,712,Gatnamálastofa-rekstur/viðhald,1998/08/14
64.14555545,-21.93443815,32740,,Götuljós,blue,712,Gatnamálastofa-rekstur/viðhald,2003/02/04
64.14388832,-21.93672005,25407,,Götuljós,blue,712,Gatnamálastofa-rekstur/viðhald,1998/08/17
64.14452386,-21.93620487,25411,,Götuljós,blue,712,Gatnamálastofa-rekstur/viðhald,1998/08/17
64.14601359,-21.93487644,25430,,Götuljós,blue,712,Gatnamálastofa-rekstur/viðhald,1998/08/14
64.14628539,-21.9339472,25438,,Götuljós,blue,712,Gatnamálastofa-rekstur/viðhald,1998/08/14
64.14513428,-21.93300261,32744,,Götuljós,blue,712,Gatnamálastofa-rekstur/viðhald,2002/08/07
64.14674237,-21.93555287,25460,,Götuljós,blue,712,Gatnamálastofa-rekstur/viðhald,1998/08/14
64.14432463,-21.93637471,25410,,Götuljós,blue,712,Gatnamálastofa-rekstur/viðhald,1998/08/17
64.14590657,-21.93372028,30440,,Götuljós,blue,712,Gatnamálastofa-rekstur/viðhald,1997/12/01
64.14612662,-21.93540212,25425,,Götuljós,blue,712,Gatnamálastofa-rekstur/viðhald,1998/08/14
64.14467565,-21.93576347,80738,,Götuljós,blue,712,Reykjavíkurborg - eignasjóður,2019/10/16
64.1447409,-21.93602085,25412,,Götuljós,blue,712,Reykjavíkurborg - eignasjóður,1998/08/17
64.14731648,-21.93690292,30285,,Götuljós,blue,1337,Reykjavíkurborg - eignasjóður,2002/12/03
64.14753055,-21.93824754,38714,,Götuljós,blue,1337,Reykjavíkurborg - eignasjóður,2002/12/03
64.14750278,-21.93807262,38715,,Götuljós,blue,1337,Reykjavíkurborg - eignasjóður,2002/12/03
64.14795915,-21.94054854,38649,,Götuljós,blue,1337,Reykjavíkurborg - eignasjóður,2002/11/25
64.1474741,-21.93789825,38716,,Götuljós,blue,1337,Reykjavíkurborg - eignasjóður,2002/12/03
64.14744529,-21.93772406,38717,,Götuljós,blue,1337,Reykjavíkurborg - eignasjóður,2002/12/03
64.14769625,-21.93893141,38656,,Götuljós,blue,1337,Reykjavíkurborg - eignasjóður,2002/11/25
64.14773162,-21.93956342,38641,,Götuljós,blue,1337,Reykjavíkurborg - eignasjóður,2002/11/25
64.14757734,-21.93812575,30278,,Götuljós,blue,1337,Reykjavíkurborg - eignasjóður,2002/12/03
64.14740592,-21.93707128,30284,,Götuljós,blue,1337,Reykjavíkurborg - eignasjóður,2002/12/03
64.14759022,-21.93607337,18435,,Götuljós,blue,1337,Reykjavíkurborg - eignasjóður,2003/11/20
64.14792152,-21.94031747,38650,,Götuljós,blue,1337,Reykjavíkurborg - eignasjóður,2002/11/25
64.14791761,-21.94058405,38646,,Götuljós,blue,1337,Reykjavíkurborg - eignasjóður,2002/11/25
64.14776565,-21.93589119,35384,,Upplýst skilti,green,1337,Reykjavíkurborg - eignasjóður,2001/09/13
64.14790409,-21.94090231,25754,,Götuljós,blue,1337,Reykjavíkurborg - eignasjóður,1997/09/09
64.14749357,-21.93626233,61234,,Strætóskýli,green,1337,Reykjavíkurborg - eignasjóður,2002/12/05
64.14688457,-21.93897235,38664,,Götuljós,blue,1337,Reykjavíkurborg - eignasjóður,2002/11/25
64.14769082,-21.94137667,28473,,Götuljós,blue,1337,Reykjavíkurborg - eignasjóður,1997/09/09
64.14759655,-21.94141328,28474,,Götuljós,blue,1337,Reykjavíkurborg - eignasjóður,1997/09/09
64.14760517,-21.93829691,30277,,Götuljós,blue,1337,Reykjavíkurborg - eignasjóður,2002/12/03
64.14780695,-21.93671655,18411,,Götuljós,blue,1337,Reykjavíkurborg - eignasjóður,1994/06/13
64.14817263,-21.93935123,37632,,Götuljós,blue,1337,Reykjavíkurborg - eignasjóður,2002/12/17
64.1477123,-21.94075466,37603,,Götuljós,blue,1337,Reykjavíkurborg - eignasjóður,2002/11/15
64.14749127,-21.93759631,30281,,Götuljós,blue,1337,Reykjavíkurborg - eignasjóður,2002/12/03
64.14778872,-21.93993516,38643,,Götuljós,blue,1337,Reykjavíkurborg - eignasjóður,2002/11/25
64.14676323,-21.93896173,38663,,Götuljós,blue,1337,Reykjavíkurborg - eignasjóður,2002/11/25
64.14754838,-21.93794758,30279,,Götuljós,blue,1337,Reykjavíkurborg - eignasjóður,2002/12/03
64.14744932,-21.93631658,18434,,Götuljós,blue,1337,Reykjavíkurborg - eignasjóður,2003/11/20
64.14773376,-21.93916257,38655,,Götuljós,blue,1337,Reykjavíkurborg - eignasjóður,2002/11/25
64.14746285,-21.93742146,30282,,Götuljós,blue,1337,Reykjavíkurborg - eignasjóður,2002/12/03
64.14786753,-21.94039888,38645,,Götuljós,blue,1337,Reykjavíkurborg - eignasjóður,2002/11/25
64.14768959,-21.93932592,38640,,Götuljós,blue,1337,Reykjavíkurborg - eignasjóður,2002/11/25
64.14829751,-21.94012243,37630,,Götuljós,blue,1337,Reykjavíkurborg - eignasjóður,2002/12/17
64.14728857,-21.93673007,30286,,Götuljós,blue,1337,Reykjavíkurborg - eignasjóður,2002/12/03
64.14761594,-21.93885194,38638,,Götuljós,blue,1337,Reykjavíkurborg - eignasjóður,2002/11/25
64.14811977,-21.93895653,37633,,Götuljós,blue,1337,Reykjavíkurborg - eignasjóður,2002/12/17
64.14765201,-21.93909411,38639,,Götuljós,blue,1337,Reykjavíkurborg - eignasjóður,2002/11/25
64.146993,-21.93892945,38665,,Götuljós,blue,1337,Reykjavíkurborg - eignasjóður,2002/11/25
64.14743403,-21.93724417,30283,,Götuljós,blue,1337,Reykjavíkurborg - eignasjóður,2002/12/03
64.14746584,-21.93863752,38669,,Götuljós,blue,1337,Reykjavíkurborg - eignasjóður,2002/11/25
64.14788405,-21.94008656,38651,,Götuljós,blue,1337,Reykjavíkurborg - eignasjóður,2002/11/25
64.14752004,-21.93777326,30280,,Götuljós,blue,1337,Reykjavíkurborg - eignasjóður,2002/12/03
64.14775172,-21.93968719,38642,,Götuljós,blue,1337,Reykjavíkurborg - eignasjóður,2002/11/25
64.1477935,-21.9409958,25755,,Götuljós,blue,1337,Reykjavíkurborg - eignasjóður,1997/09/09
64.14782057,-21.94116567,25756,,Götuljós,blue,1337,Reykjavíkurborg - eignasjóður,1997/09/09
64.14799118,-21.94076018,38648,,Götuljós,blue,1337,Reykjavíkurborg - eignasjóður,2002/11/25
64.14786938,-21.94159071,25757,,Götuljós,blue,1337,Reykjavíkurborg - eignasjóður,1997/09/09
64.14824391,-21.93808102,80277,,Upplýst skilti,green,1337,Reykjavíkurborg - eignasjóður,2019/01/22
64.14813151,-21.93809422,80260,,Götuljós,blue,1337,Reykjavíkurborg - eignasjóður,2019/01/22
64.14823734,-21.93810558,80276,,Götuljós,blue,1337,Reykjavíkurborg - eignasjóður,2019/01/22
64.14831111,-21.93815875,80261,,Götuljós,blue,1337,Reykjavíkurborg - eignasjóður,2019/01/22
64.14806867,-21.93856045,37634,,Götuljós,blue,1337,Reykjavíkurborg - eignasjóður,2002/10/21
64.14750364,-21.94148979,28475,,Götuljós,blue,1337,Reykjavíkurborg - eignasjóður,1997/09/09
64.1476385,-21.94029592,37605,,Götuljós,blue,1337,Reykjavíkurborg - eignasjóður,2002/11/15
64.14820543,-21.94075168,25749,,Götuljós,blue,1337,Reykjavíkurborg - eignasjóður,1997/09/09
64.14818663,-21.940636,25752,,Götuljós,blue,1337,Reykjavíkurborg - eignasjóður,1997/09/09
64.14795088,-21.94079257,38647,,Götuljós,blue,1337,Reykjavíkurborg - eignasjóður,2002/11/25
64.14823425,-21.93973134,37631,,Götuljós,blue,1337,Reykjavíkurborg - eignasjóður,2002/12/17
64.14736221,-21.93868544,38668,,Götuljós,blue,1337,Reykjavíkurborg - eignasjóður,2002/11/25
64.14761561,-21.93679741,18410,,Götuljós,blue,1337,Reykjavíkurborg - eignasjóður,1994/06/13
64.14793842,-21.94097927,25751,,Götuljós,blue,1337,Reykjavíkurborg - eignasjóður,1997/09/09
64.14801909,-21.94091054,25750,,Götuljós,blue,1337,Reykjavíkurborg - eignasjóður,1997/09/09
64.14821008,-21.93822541,77457,,Götuljós,blue,1337,Reykjavíkurborg - eignasjóður,2014/08/06
64.14781024,-21.93839299,77450,,Götuljós,blue,1337,Reykjavíkurborg - eignasjóður,2014/08/06
64.14797452,-21.93812434,79447,,Götuljós,blue,1337,Reykjavíkurborg - eignasjóður,2017/09/15
64.14793564,-21.93773527,79450,,Götuljós,blue,1337,Reykjavíkurborg - eignasjóður,2017/09/15
64.14790586,-21.93724471,79452,,Götuljós,blue,1337,Reykjavíkurborg - eignasjóður,2017/09/15
64.1479005,-21.93679196,79454,,Götuljós,blue,1337,Reykjavíkurborg - eignasjóður,2017/09/15
64.14794345,-21.93701624,79451,,Götuljós,blue,1337,Reykjavíkurborg - eignasjóður,2017/09/15
63.81520386,-29.18682792,38667,,Götuljós,blue,1337,Reykjavíkurborg - eignasjóður,2002/11/25
64.14784649,-21.93985549,38652,,Götuljós,blue,1337,Reykjavíkurborg - eignasjóður,2002/11/25
64.14782628,-21.94016625,38644,,Götuljós,blue,1337,Reykjavíkurborg - eignasjóður,2002/11/25
64.14715551,-21.93882141,38666,,Götuljós,blue,1337,Reykjavíkurborg - eignasjóður,2002/11/25
64.14795992,-21.93749176,79448,,Götuljós,blue,1337,Reykjavíkurborg - eignasjóður,2017/09/15
64.14812079,-21.9382858,77451,,Götuljós,blue,1337,Reykjavíkurborg - eignasjóður,2014/08/06
64.1480397,-21.93817539,503,,Götuljós,blue,1337,Reykjavíkurborg - eignasjóður,2014/08/06
64.14791778,-21.93832242,77455,,Götuljós,blue,1337,Reykjavíkurborg - eignasjóður,2014/08/06
64.14799706,-21.93792199,79455,,Götuljós,blue,1337,Reykjavíkurborg - eignasjóður,2017/09/15
64.14794475,-21.93656338,79453,,Götuljós,blue,1337,Reykjavíkurborg - eignasjóður,2017/09/15
64.14833539,-21.93795195,80252,,Götuljós,blue,1337,Reykjavíkurborg - eignasjóður,2019/01/22
64.14832572,-21.93752617,80262,,Götuljós,blue,1337,Reykjavíkurborg - eignasjóður,2019/01/22
64.14786191,-21.93569751,80254,,Götuljós,blue,1337,Reykjavíkurborg - eignasjóður,2019/01/22
64.14829103,-21.9376847,80273,,Götuljós,blue,1337,Reykjavíkurborg - eignasjóður,2019/01/22
64.14741737,-21.93754899,38718,,Götuljós,blue,1337,Reykjavíkurborg - eignasjóður,2002/12/03
64.14738957,-21.93737979,38719,,Götuljós,blue,1337,Reykjavíkurborg - eignasjóður,2002/12/03
64.14736078,-21.93720232,38720,,Götuljós,blue,1337,Reykjavíkurborg - eignasjóður,2002/12/03
64.14824634,-21.93745385,80259,,Götuljós,blue,1337,Reykjavíkurborg - eignasjóður,2019/01/22
64.14820012,-21.93722738,80263,,Götuljós,blue,1337,Reykjavíkurborg - eignasjóður,2019/01/22
64.1481518,-21.93700286,80270,,Götuljós,blue,1337,Reykjavíkurborg - eignasjóður,2019/01/22
64.14809916,-21.93677676,80255,,Götuljós,blue,1337,Reykjavíkurborg - eignasjóður,2019/01/22
64.14804607,-21.93656321,80271,,Götuljós,blue,1337,Reykjavíkurborg - eignasjóður,2019/01/22
64.14798856,-21.93634594,80256,,Götuljós,blue,1337,Reykjavíkurborg - eignasjóður,2019/01/22
64.14792397,-21.93617054,80264,,Götuljós,blue,1337,Reykjavíkurborg - eignasjóður,2019/01/22
64.1479708,-21.93602801,80265,,Götuljós,blue,1337,Reykjavíkurborg - eignasjóður,2019/01/22
64.14802658,-21.93623236,80269,,Götuljós,blue,1337,Reykjavíkurborg - eignasjóður,2019/01/22
64.14812503,-21.93660937,80266,,Götuljós,blue,1337,Reykjavíkurborg - eignasjóður,2019/01/22
64.14817909,-21.93683602,80275,,Götuljós,blue,1337,Reykjavíkurborg - eignasjóður,2019/01/22
64.14823081,-21.93706278,80258,,Götuljós,blue,1337,Reykjavíkurborg - eignasjóður,2019/01/22
64.14828022,-21.93729623,80267,,Götuljós,blue,1337,Reykjavíkurborg - eignasjóður,2019/01/22
64.14838088,-21.93775866,80272,,Götuljós,blue,1337,Reykjavíkurborg - eignasjóður,2019/01/22
64.14818337,-21.9379883,80278,,Götuljós,blue,1337,Reykjavíkurborg - eignasjóður,2019/01/22
64.14870555,-21.93757446,80483,,Götuljós,blue,1337,Reykjavíkurborg - eignasjóður,2019/06/07
64.14878487,-21.93750132,80482,,Götuljós,blue,1337,Reykjavíkurborg - eignasjóður,2019/06/07
64.14876446,-21.93769015,80481,,Götuljós,blue,1337,Reykjavíkurborg - eignasjóður,2019/06/07
64.14889333,-21.93754114,80484,,Götuljós,blue,1337,Reykjavíkurborg - eignasjóður,2019/06/07
64.14836502,-21.9383026,80485,,Götuljós,blue,1337,Reykjavíkurborg - eignasjóður,2019/06/11
64.14805702,-21.94074237,25753,,Götuljós,blue,1337,Reykjavíkurborg - eignasjóður,1997/09/09
64.1477713,-21.93939334,38654,,Götuljós,blue,1337,Reykjavíkurborg - eignasjóður,2002/11/25
64.14780894,-21.9396246,38653,,Götuljós,blue,1337,Reykjavíkurborg - eignasjóður,2002/11/25
64.14770584,-21.94093561,82167,,Götuljós,blue,1337,Reykjavíkurborg - eignasjóður,2021/05/21
64.14765541,-21.94062757,82166,,Götuljós,blue,1337,Reykjavíkurborg - eignasjóður,2021/05/21
64.14761119,-21.94035182,82168,,Götuljós,blue,1337,Reykjavíkurborg - eignasjóður,2021/05/21
64.14781837,-21.93580119,80268,,Götuljós,blue,1337,Reykjavíkurborg - eignasjóður,2019/01/22
64.14786513,-21.93596453,80257,,Götuljós,blue,1337,Reykjavíkurborg - eignasjóður,2019/01/22
64.14840488,-21.93805532,80480,,Götuljós,blue,1337,Reykjavíkurborg - eignasjóður,2019/06/07
64.14790925,-21.9358128,80274,,Götuljós,blue,1337,Reykjavíkurborg - eignasjóður,2019/01/22
64.14684588,-21.9387991,38636,,Niðurgrafið,green,1337,Reykjavíkurborg - eignasjóður,2002/11/25
64.14683401,-21.93880702,38635,,Niðurgrafið,green,1337,Reykjavíkurborg - eignasjóður,2002/11/25
64.14785754,-21.9396943,84499,,Götuljósahönk,green,1337,Reykjavíkurborg - eignasjóður,2002/07/09
64.1467725,-21.93884812,38634,,Óskilgreint,green,1337,Reykjavíkurborg - eignasjóður,2002/11/25
64.14780699,-21.93937627,84497,,Götuljósahönk,green,1337,Reykjavíkurborg - eignasjóður,2002/07/09
64.14797462,-21.94041422,84498,,Götuljósahönk,green,1337,Reykjavíkurborg - eignasjóður,2002/07/09
64.14774524,-21.93900378,84492,,Götuljósahönk,green,1337,Reykjavíkurborg - eignasjóður,2002/07/09
64.14780389,-21.939357,84491,,Götuljósahönk,green,1337,Reykjavíkurborg - eignasjóður,2002/07/09
64.14790445,-21.93998271,84496,,Götuljósahönk,green,1337,Reykjavíkurborg - eignasjóður,2002/07/09
64.14797306,-21.94040459,84495,,Götuljósahönk,green,1337,Reykjavíkurborg - eignasjóður,2002/07/09
64.14785442,-21.93967504,84494,,Götuljósahönk,green,1337,Reykjavíkurborg - eignasjóður,2002/07/09
64.14774211,-21.93898453,84490,,Götuljósahönk,green,1337,Reykjavíkurborg - eignasjóður,2002/07/09
64.14790288,-21.93997308,84493,,Götuljósahönk,green,1337,Reykjavíkurborg - eignasjóður,2002/07/09
64.14768735,-21.93868634,38637,,Niðurgrafið,green,1337,Reykjavíkurborg - eignasjóður,2002/11/25
64.14678079,-21.93888814,38633,,Óskilgreint,green,1337,Reykjavíkurborg - eignasjóður,2002/11/25
64.14678903,-21.93892793,38632,,Óskilgreint,green,1337,Reykjavíkurborg - eignasjóður,2002/11/25
60.49543761,-21.59278853,85725,,Götuljós,blue,1337,Faxaflóahafnir,2023/04/17
64.14913632,-21.93720117,85715,,Götuljós,blue,1337,Faxaflóahafnir,2023/04/17
64.14770307,-21.93846015,38670,,Götuljós,blue,1337,Reykjavíkurborg - eignasjóður,2002/11/25
64.14925124,-21.93706944,85723,,Götuljós,blue,1337,Faxaflóahafnir,2023/04/17
60.49543265,-21.59302598,85724,,Götuljós,blue,1337,Faxaflóahafnir,2023/04/17
63.81722373,-29.18756904,85726,,Götuljós,blue,1337,Faxaflóahafnir,2023/04/17
60.49544703,-21.59233538,85717,,Götuljós,blue,1337,Faxaflóahafnir,2023/04/17
64.14977034,-21.93626907,85718,,Götuljós,blue,1337,Faxaflóahafnir,2023/04/17
64.14993598,-21.9359391,85722,,Götuljós,blue,1337,Faxaflóahafnir,2023/04/17
64.15043806,-21.93513689,85721,,Götuljós,blue,1337,Faxaflóahafnir,2023/04/18
64.14969597,-21.93643804,85719,,Götuljós,blue,1337,Faxaflóahafnir,2023/04/18
64.14982773,-21.93645002,85720,,Götuljós,blue,1337,Faxaflóahafnir,2023/04/18
64.14952409,-21.9367221,85727,,Götuljós,blue,1337,Faxaflóahafnir,2023/04/18
64.14865236,-21.9361809,83344,,Götuljós,blue,1350,Reykjavíkurborg - eignasjóður,2022/05/04
60.49545081,-21.59208331,83348,,Götuljós,blue,1350,Reykjavíkurborg - eignasjóður,2022/05/04
64.14821849,-21.93463948,83333,,Götuljós,blue,1350,Reykjavíkurborg - eignasjóður,2022/05/04
64.14840314,-21.93430126,83342,,Götuljós,blue,1350,Reykjavíkurborg - eignasjóður,2022/05/04
64.14872472,-21.93650946,83350,,Götuljós,blue,1350,Reykjavíkurborg - eignasjóður,2022/05/04
60.49548934,-21.59019997,83330,,Götuljós,blue,1350,Reykjavíkurborg - eignasjóður,2022/05/04
64.14904534,-21.93796689,83323,,Götuljós,blue,1350,Reykjavíkurborg - eignasjóður,2022/05/04
64.1485867,-21.93472596,83327,,Götuljós,blue,1350,Reykjavíkurborg - eignasjóður,2022/05/04
64.14888584,-21.93724237,83352,,Götuljós,blue,1350,Reykjavíkurborg - eignasjóður,2022/05/04
64.14838017,-21.93494668,83338,,Götuljós,blue,1350,Reykjavíkurborg - eignasjóður,2022/05/04
64.14889526,-21.93390112,83329,,Götuljós,blue,1350,Reykjavíkurborg - eignasjóður,2022/05/04
64.1486238,-21.93444608,83341,,Götuljós,blue,1350,Reykjavíkurborg - eignasjóður,2022/05/04
60.49545729,-21.59173704,83343,,Götuljós,blue,1350,Reykjavíkurborg - eignasjóður,2022/05/04
64.14880622,-21.93687396,83351,,Götuljós,blue,1350,Reykjavíkurborg - eignasjóður,2022/05/04
64.14846151,-21.93531938,83339,,Götuljós,blue,1350,Reykjavíkurborg - eignasjóður,2022/05/04
60.49547868,-21.59071475,83328,,Götuljós,blue,1350,Reykjavíkurborg - eignasjóður,2022/05/04
64.148162,-21.93498928,83337,,Götuljós,blue,1350,Reykjavíkurborg - eignasjóður,2022/05/04
64.14782729,-21.93524366,83334,,Götuljós,blue,1350,Reykjavíkurborg - eignasjóður,2022/05/04
64.14896388,-21.93760034,83353,,Götuljós,blue,1350,Reykjavíkurborg - eignasjóður,2022/05/04
64.14878261,-21.93333982,83331,,Götuljós,blue,1350,Reykjavíkurborg - eignasjóður,2022/06/06
64.14855163,-21.9337521,83332,,Götuljós,blue,1350,Reykjavíkurborg - eignasjóður,2022/06/06
63.81652351,-29.18731028,85713,,Götuljós,blue,1350,Reykjavíkurborg - eignasjóður,2022/05/04
64.14870301,-21.93549934,83325,,Götuljós,blue,1350,Reykjavíkurborg - eignasjóður,2022/05/04
64.1486863,-21.93596856,85714,,Götuljós,blue,1350,Reykjavíkurborg - eignasjóður,2022/05/04
64.14862436,-21.93512692,83326,,Götuljós,blue,1350,Reykjavíkurborg - eignasjóður,2022/05/04
64.14881346,-21.93598621,83347,,Götuljós,blue,1350,Reykjavíkurborg - eignasjóður,2022/05/04
64.14888663,-21.93631897,83346,,Götuljós,blue,1350,Reykjavíkurborg - eignasjóður,2022/05/04
64.14896902,-21.93668356,83345,,Götuljós,blue,1350,Reykjavíkurborg - eignasjóður,2022/05/04
63.81691385,-29.18745517,83336,,Götuljós,blue,1350,Reykjavíkurborg - eignasjóður,2022/05/04
64.14935991,-21.93848375,83370,,Götuljós,blue,1350,Reykjavíkurborg - eignasjóður,2022/05/04
64.14928439,-21.93813428,83371,,Götuljós,blue,1350,Reykjavíkurborg - eignasjóður,2022/05/04
64.14911348,-21.93744144,83335,,Götuljós,blue,1350,Reykjavíkurborg - eignasjóður,2022/05/04
64.14919796,-21.93779187,83324,,Götuljós,blue,1350,Reykjavíkurborg - eignasjóður,2022/05/04
60.49539693,-21.59479152,83368,,Götuljós,blue,1350,Reykjavíkurborg - eignasjóður,2022/05/04
64.14951088,-21.93914157,83369,,Götuljós,blue,1350,Reykjavíkurborg - eignasjóður,2022/05/04
64.14959973,-21.93954183,85709,,Götuljós,blue,1350,Reykjavíkurborg - eignasjóður,2023/04/17
64.14968318,-21.93989833,85710,,,green,1350,Reykjavíkurborg - eignasjóður,2023/04/17
64.14975767,-21.94025388,85711,,Götuljós,blue,1350,Reykjavíkurborg - eignasjóður,2023/04/17
64.14983941,-21.94060609,85712,,Götuljós,blue,1350,Reykjavíkurborg - eignasjóður,2023/04/17
