latitude,longitude,name,type,status,colour
64.14602259724003,-21.83433160458028,Light 174780,Mercury,on,red
64.12628511963018,-21.857697000466555,Light 139537,Halogen,off,pink
64.10338893509959,-21.835485002783862,Light 168908,Mercury,on,pink
64.08975017878494,-21.91287287230131,Light 106087,LED,off,red
64.11374837332724,-21.82089869987303,Light 102809,Halogen,on,purple
64.09532602987919,-21.898948165087905,Light 126985,Fluorescent,off,purple
64.1018798570796,-21.810077528179402,Light 114888,LED,on,green
64.14858787473308,-21.865447653134453,Light 178518,Halogen,on,red
64.10249558520958,-21.840830727128566,Light 154758,Fluorescent,on,green
64.09523368119403,-21.847040210404522,Light 116238,Halogen,on,purple
64.1001552413585,-21.852817266449588,Light 131527,Fluorescent,off,purple
64.08853212577519,-21.931059288735742,Light 140942,Halogen,on,pink
64.08642528883362,-21.80668685373942,Light 145325,LED,on,green
64.13514162400178,-21.83201505453502,Light 167950,Fluorescent,on,pink
64.14485583673176,-21.773963977726133,Light 153950,Fluorescent,off,blue
64.13225248931144,-21.780527197474804,Light 190038,LED,on,pink
64.14471842378362,-21.850035862125175,Light 142114,Mercury,off,red
64.12104573271417,-21.853104200375665,Light 185073,LED,off,blue
64.0821212236918,-21.861848447160117,Light 132877,Halogen,on,green
64.10239598806056,-21.906392648289515,Light 133436,Fluorescent,on,pink
64.1392002073195,-21.932850338536696,Light 152844,Mercury,on,pink
64.14199690722198,-21.939079546332678,Light 171219,LED,on,purple
64.09084226953146,-21.802316030454275,Light 109827,LED,off,blue
64.14677981238508,-21.881601687195477,Light 162002,Mercury,on,purple
64.13929843719833,-21.80302789629004,Light 148591,Fluorescent,on,blue
64.12747838451743,-21.92572769791312,Light 124233,LED,off,red
64.13938069904474,-21.83023700938814,Light 145723,LED,off,purple
64.09259792235338,-21.874489277193582,Light 181479,Fluorescent,off,green
64.14493048038497,-21.835775167381723,Light 172342,Fluorescent,on,pink
64.13891167885754,-21.89216406343657,Light 191747,LED,on,pink
64.10716044705818,-21.871654000157527,Light 106057,Fluorescent,on,pink
64.10973059170477,-21.816344103853794,Light 101325,Fluorescent,on,red
64.1123853612085,-21.87962975983956,Light 163780,Fluorescent,on,green
64.08051022194702,-21.84406911114138,Light 114441,Halogen,on,purple
64.12651632844207,-21.908404224526834,Light 172897,Halogen,on,pink
64.11731089079937,-21.788056855088293,Light 159215,Halogen,off,purple
64.08224248245243,-21.83068290582282,Light 136584,Mercury,off,green
64.09975604531095,-21.899023163794965,Light 183667,Fluorescent,on,blue
64.14559703404275,-21.86651337742329,Light 130067,LED,on,purple
64.09242646567482,-21.88825724865017,Light 185177,Halogen,on,blue
64.13112141941481,-21.90765346007621,Light 121987,Halogen,off,purple
64.08068304418174,-21.874134946435653,Light 113912,Halogen,on,purple
64.10764936596934,-21.788481707696846,Light 156546,Mercury,on,pink
64.08535257765949,-21.80137394314045,Light 146042,Mercury,on,green
64.08091674029349,-21.8106860121249,Light 143426,Fluorescent,on,blue
64.08718760209693,-21.945820403456548,Light 197643,Fluorescent,on,red
64.09030209658266,-21.80693779483309,Light 112415,Halogen,off,red
64.12770296304495,-21.827654507752797,Light 114692,LED,off,purple
64.09220971390062,-21.882314773505165,Light 174567,Mercury,on,purple
64.13253530866159,-21.852985959059794,Light 125775,Halogen,off,pink
64.11291590970274,-21.944582219790462,Light 125981,Fluorescent,off,green
64.13538520960498,-21.94805081330024,Light 127595,Halogen,on,blue
64.0969463222823,-21.90116716826448,Light 191878,Mercury,off,purple
64.13856189003764,-21.858728347608015,Light 167192,LED,on,pink
64.13334986170685,-21.802746117121796,Light 132303,LED,off,red
64.10319397847296,-21.888824169379188,Light 140329,Mercury,off,red
64.14188756685816,-21.920114664155125,Light 112412,Fluorescent,on,green
64.14266641152479,-21.887347758386284,Light 165446,Fluorescent,off,green
64.11704252096945,-21.87400924924509,Light 112305,Halogen,off,purple
64.13540038651112,-21.785285458377,Light 181415,LED,off,red
64.09896549942918,-21.93939676941321,Light 119165,LED,on,red
64.11420991979193,-21.93812742729941,Light 177428,Fluorescent,off,green
64.12279952383187,-21.777651760665744,Light 127429,LED,off,pink
64.12363531606591,-21.923971935941506,Light 185785,Mercury,off,blue
64.08468240774539,-21.940453582417216,Light 130925,Halogen,off,red
64.10802104429051,-21.795836922664446,Light 114541,Fluorescent,off,blue
64.12314337994832,-21.931997813779795,Light 105487,LED,off,red
64.14600648427142,-21.791411646196178,Light 142900,Mercury,off,purple
64.08407778694841,-21.913609800348404,Light 170452,Mercury,on,green
64.11655767458228,-21.86488286925776,Light 120848,LED,off,green
64.10853442830668,-21.856436159091924,Light 109097,Halogen,off,purple
64.09090986181637,-21.92027843822308,Light 150687,Fluorescent,on,pink
64.11627132342852,-21.935471411476453,Light 186633,Mercury,off,green
64.11932681155557,-21.846754246450573,Light 103142,Halogen,off,blue
64.1281989762816,-21.87036451992015,Light 100256,LED,on,pink
64.11763977916155,-21.845170752227578,Light 199045,LED,off,green
64.09544424356044,-21.783620180433285,Light 142375,Halogen,off,red
64.11178090091241,-21.946354047648892,Light 165195,Fluorescent,on,blue
64.13468745211581,-21.772259563414693,Light 185770,Mercury,off,purple
64.11087584916504,-21.792114032432863,Light 121514,Mercury,on,green
64.10153802465997,-21.944856536431807,Light 159559,Fluorescent,off,blue
64.13261872388998,-21.945097697434598,Light 126153,LED,off,red
64.09088453580365,-21.933329362624374,Light 159172,Fluorescent,off,green
64.1242689275401,-21.8795515163076,Light 192810,Fluorescent,off,green
64.09735739389971,-21.93695208234864,Light 144036,Fluorescent,off,red
64.12138754123728,-21.838476237936177,Light 118872,Halogen,off,red
64.08732946459813,-21.879909982983563,Light 179898,Mercury,off,pink
64.14135848509953,-21.900717746246535,Light 149643,LED,off,pink
64.09680101180014,-21.867496070968084,Light 174364,Fluorescent,on,pink
64.12647119440634,-21.788497475411706,Light 197489,Mercury,off,red
64.14315487150053,-21.790542192650168,Light 183188,Fluorescent,on,green
64.13481656236061,-21.85666443708401,Light 140572,Mercury,on,blue
64.0811327880216,-21.909994890318902,Light 105423,Halogen,on,pink
64.1416067388969,-21.843924970420197,Light 154642,LED,off,blue
64.12495521980937,-21.86884658530771,Light 186514,Halogen,off,purple
64.14343242225421,-21.85230300996579,Light 132681,Fluorescent,off,green
64.13305054032014,-21.851994482938768,Light 181954,Mercury,off,blue
64.09607302064117,-21.805062432793914,Light 148529,Mercury,off,blue
64.14492318723845,-21.80394921840959,Light 195265,LED,on,green
64.12155253065175,-21.897561534251743,Light 196794,Halogen,on,purple
64.14220366000247,-21.8721688110382,Light 118674,Halogen,off,blue
64.1192951132723,-21.819780485298207,Light 151702,LED,off,pink
64.08061006938489,-21.914074630707354,Light 171462,Halogen,on,blue
64.1364176016034,-21.938387982543397,Light 169954,Fluorescent,on,red
64.09026944561566,-21.857823770083243,Light 139087,Fluorescent,off,purple
64.08104565438866,-21.921519518031122,Light 123240,LED,off,green
64.09046963686538,-21.87729876619698,Light 103664,LED,off,purple
64.1074829139922,-21.809132273136075,Light 198170,Halogen,off,green
64.08270493884476,-21.843818038437494,Light 117093,Mercury,on,purple
64.12483860985675,-21.947037715469687,Light 176319,LED,off,green
64.1462092417248,-21.89119110735294,Light 143583,Mercury,off,green
64.09017910762394,-21.947759995055417,Light 111302,LED,on,green
64.1371564160447,-21.858600661462166,Light 197246,Halogen,off,blue
64.09606244206483,-21.8835237382305,Light 167988,LED,on,pink
64.09432743310266,-21.858749184324815,Light 173631,Fluorescent,on,blue
64.08417034026486,-21.842325562817074,Light 123362,LED,on,blue
64.08112146894817,-21.908821769170462,Light 143563,Halogen,off,purple
64.09562433523064,-21.820111980361588,Light 106618,Mercury,on,green
64.09085544263692,-21.844066960306932,Light 161798,Mercury,on,green
64.13415377103573,-21.80571496347494,Light 164001,LED,on,red
64.12463422739317,-21.907612591203996,Light 108620,Mercury,on,green
64.14718506647844,-21.913542285967672,Light 116986,LED,on,purple
64.1055535564354,-21.86879741533846,Light 139851,Halogen,on,green
64.11977946818962,-21.86023180102014,Light 115215,LED,on,blue
64.12175478458195,-21.82466128454175,Light 160467,LED,off,blue
64.1316128340617,-21.842824333825497,Light 172212,Mercury,on,pink
64.10439105629355,-21.815345951430164,Light 105545,Fluorescent,on,pink
64.13952754504852,-21.786079081674504,Light 198238,Halogen,on,green
64.09596064429114,-21.829859222458914,Light 110936,Mercury,off,pink
64.14412680254615,-21.862918164198597,Light 107771,LED,on,purple
64.11474178719338,-21.86982721787086,Light 167231,Fluorescent,on,purple
64.14521881659817,-21.817930171626152,Light 142565,Halogen,off,pink
64.0939868854159,-21.944864873541096,Light 117595,Fluorescent,on,blue
64.14890811730338,-21.946714573034548,Light 174333,Halogen,off,blue
64.10927574582774,-21.835076339843557,Light 182363,Halogen,off,pink
64.13711257153199,-21.788681075970743,Light 151298,Halogen,on,blue
64.14959269169607,-21.866170222290997,Light 129754,Fluorescent,off,green
64.12918362061957,-21.838033990040245,Light 156995,Fluorescent,off,pink
64.08036808627885,-21.909317078005532,Light 185595,LED,off,pink
64.0817186606831,-21.915219077112184,Light 133613,Mercury,on,red
64.09010319691114,-21.90800531684197,Light 119024,Mercury,off,pink
64.11132671783311,-21.935587666219778,Light 185772,Halogen,on,red
64.13861814734615,-21.93262285279186,Light 171767,Mercury,off,green
64.0922772265224,-21.819194506149547,Light 152866,LED,on,red
64.13366061319923,-21.920836555915095,Light 168442,Fluorescent,on,purple
64.10650206049567,-21.79118069302916,Light 184555,Fluorescent,off,blue
64.13107049964324,-21.880714791600823,Light 141647,Fluorescent,off,pink
64.08345597959438,-21.86785059841889,Light 177672,Mercury,on,purple
64.1109332734579,-21.843977711417555,Light 191706,Fluorescent,off,red
64.11671743018329,-21.83473899634841,Light 187819,Mercury,on,pink
64.08909447934724,-21.803015947206813,Light 181908,Mercury,off,red
64.08534611112502,-21.859768138857348,Light 119336,Halogen,off,pink
64.14606222078193,-21.822914278032602,Light 177732,Fluorescent,on,blue
64.11000996340861,-21.871511934943307,Light 190760,LED,on,green
64.12093806279842,-21.94224701279275,Light 124206,Halogen,on,green
64.13631322849562,-21.94913829054509,Light 142759,Fluorescent,off,green
64.08749622546381,-21.910125130886982,Light 196971,Halogen,on,green
64.14281954398608,-21.884992324472222,Light 157285,Fluorescent,on,pink
64.13194379862136,-21.934826313737968,Light 112640,Halogen,on,blue
64.09236687917054,-21.81429773315492,Light 150990,Halogen,off,blue
64.14884331936598,-21.942545180018445,Light 181089,Mercury,off,blue
64.13914869598689,-21.838794291378203,Light 149703,LED,on,pink
64.08363187585856,-21.92987951361682,Light 112770,Fluorescent,off,purple
64.11588890826545,-21.792466973796092,Light 164656,Fluorescent,on,red
64.12171696154992,-21.845829723077696,Light 199719,LED,off,purple
64.08651133895607,-21.902718617324986,Light 148865,LED,off,red
64.12676634827768,-21.838220913606904,Light 172583,Halogen,on,red
64.09710842104026,-21.847717101996242,Light 158667,Mercury,off,red
64.08140641169773,-21.86784675449138,Light 163423,Mercury,on,green
64.1178029176447,-21.937438245612363,Light 170841,LED,off,purple
64.13398450050005,-21.804311171088816,Light 195766,LED,on,blue
64.1016733074573,-21.889911668281922,Light 163914,Halogen,off,pink
64.14320879025016,-21.88801969166335,Light 150481,Halogen,off,purple
64.12302142128303,-21.8243123925405,Light 148902,Halogen,off,purple
64.09770985860266,-21.80864662598437,Light 123528,Fluorescent,on,blue
64.12401795885759,-21.847723539916586,Light 154671,LED,on,purple
64.10979072394893,-21.831176693849592,Light 162379,LED,on,purple
64.11055333110421,-21.85933167792902,Light 188362,LED,off,purple
64.11640096661371,-21.806665892811736,Light 198250,Mercury,on,red
64.09039499088864,-21.92957576784559,Light 161530,LED,off,blue
64.0975670895741,-21.946098838184778,Light 127600,Fluorescent,on,blue
64.08864133001276,-21.83497965750619,Light 163157,Fluorescent,on,green
64.09942880146647,-21.84795580481098,Light 179835,Mercury,on,purple
64.123907426875,-21.89427134375772,Light 105114,LED,on,pink
64.14440176530863,-21.860439333063148,Light 144301,LED,on,blue
64.13531768867126,-21.918720316998037,Light 134768,Fluorescent,on,red
64.12118787698859,-21.772810375834144,Light 171726,Mercury,off,pink
64.13182832659183,-21.86086636218953,Light 108100,Fluorescent,off,blue
64.08086577931239,-21.870153821553952,Light 151260,Fluorescent,on,red
64.08823082683769,-21.900108589973073,Light 163396,Fluorescent,off,blue
64.08526362330825,-21.851517662642955,Light 162841,Halogen,on,green
64.08884991290938,-21.93594227528319,Light 109022,Halogen,on,purple
64.12920243980028,-21.8594188260808,Light 119568,Mercury,on,blue
64.1197056938571,-21.90161481290116,Light 164074,Mercury,off,green
64.13951563136114,-21.79437149506039,Light 155376,Fluorescent,on,green
64.0934466139898,-21.80384165598547,Light 122218,Fluorescent,on,blue
64.14346636862831,-21.945856040879146,Light 110835,LED,on,red
64.10500526560861,-21.92267937571703,Light 156212,Mercury,off,green
64.14543499173146,-21.785479572419405,Light 115721,Halogen,on,purple
64.09895439653896,-21.803306382437846,Light 185529,Halogen,off,blue
64.10734881962652,-21.84906277774727,Light 150549,Halogen,off,purple
64.1436379839514,-21.919540514844225,Light 122829,Halogen,off,pink
64.09817386728659,-21.847305021089277,Light 130226,Fluorescent,on,red
64.14069451758749,-21.781654948765244,Light 131779,Halogen,on,green
64.1234041908117,-21.93599137730233,Light 191806,Fluorescent,on,blue
64.10721701739432,-21.788193345368864,Light 192174,LED,off,pink
64.09653562545913,-21.92729776158663,Light 184668,Mercury,off,green
64.10338205797699,-21.911054239624722,Light 177811,Halogen,off,purple
64.10262400565964,-21.936199909490394,Light 143638,LED,on,blue
64.10439798088133,-21.88290730426099,Light 142273,Halogen,on,green
64.14678339242724,-21.940242176599014,Light 175043,Halogen,off,blue
64.13307952847259,-21.93049995274763,Light 137719,LED,off,red
64.13574597215873,-21.892386323098076,Light 115902,Fluorescent,on,blue
64.08243257827479,-21.799615477041588,Light 160856,Fluorescent,off,purple
64.09717276796088,-21.914105617283198,Light 184991,Fluorescent,off,green
64.12622496739566,-21.860773018332512,Light 185328,Mercury,on,blue
64.10406571737434,-21.92114769265469,Light 189441,LED,off,purple
64.09469016105757,-21.811700102750144,Light 129889,Halogen,on,red
64.12426900482579,-21.948734569762205,Light 154348,Halogen,on,blue
64.10153400637063,-21.945374756109157,Light 186936,Halogen,off,blue
64.11641298316083,-21.94202461148458,Light 177392,Halogen,off,pink
64.08036472070567,-21.80951559792872,Light 150494,Halogen,off,green
64.10354828386002,-21.812443437928298,Light 145003,Halogen,on,red
64.14103952229203,-21.842774935185474,Light 147225,Halogen,on,red
64.10340848619073,-21.826423755965088,Light 120722,LED,off,green
64.12630696675907,-21.90541206754366,Light 174161,Fluorescent,off,blue
64.14202966787045,-21.877310116043045,Light 145783,Fluorescent,off,red
64.11359560748217,-21.869832259732288,Light 164826,Fluorescent,on,green
64.1339828053704,-21.909288424362074,Light 114299,Halogen,off,pink
64.11361812940521,-21.821933801040682,Light 111473,LED,on,blue
64.10237784349899,-21.830605661316696,Light 198744,Halogen,on,purple
64.08749312686426,-21.81531709866006,Light 163662,Halogen,on,blue
64.10473038676257,-21.916508483791024,Light 116161,LED,on,red
64.11014944329622,-21.8314597993229,Light 148305,Halogen,on,pink
64.10032551639193,-21.90889614426888,Light 155969,Halogen,on,green
64.09635506920122,-21.78788548846055,Light 130822,Mercury,on,pink
64.10317762366425,-21.778293926926118,Light 171314,Halogen,on,red
64.08566128005467,-21.887321545266868,Light 116793,LED,on,pink
64.13275089036749,-21.786180848549222,Light 100252,LED,on,red
64.10425246703413,-21.83941875875578,Light 144130,Fluorescent,off,green
64.1012213356826,-21.899583145550842,Light 121961,Fluorescent,on,pink
64.08211323198151,-21.82439677818168,Light 181903,Halogen,on,green
64.13049321633676,-21.913665120536507,Light 155013,Fluorescent,off,green
64.14494931219062,-21.90675516423282,Light 155105,Halogen,on,green
64.09761737213633,-21.860986574906853,Light 122582,LED,on,red
64.1237141998978,-21.773594001275878,Light 107808,Fluorescent,on,blue
64.13677324681626,-21.864063966627178,Light 175190,LED,off,red
64.10962086143155,-21.929456112613714,Light 102172,Fluorescent,off,red
64.11101932024108,-21.797376675846078,Light 103034,LED,on,pink
64.1020665749096,-21.928658251785922,Light 195008,Mercury,on,purple
64.08916310011853,-21.77755951608984,Light 160256,Fluorescent,on,pink
64.14174942572775,-21.85186147183935,Light 116893,LED,on,red
64.1051770222944,-21.897805803540145,Light 115653,Halogen,off,blue
64.14583157165664,-21.90327275028664,Light 167714,Fluorescent,on,green
64.11429817023216,-21.876769317642232,Light 139467,Fluorescent,off,pink
64.11443677943973,-21.892393728923633,Light 175549,Halogen,on,blue
64.08665962637825,-21.850347811954915,Light 158804,Mercury,off,red
64.08027252275863,-21.902153096077786,Light 100803,Fluorescent,off,purple
64.1231837739528,-21.945599434920577,Light 100789,Halogen,on,pink
64.14744455569465,-21.88037356015708,Light 128366,Halogen,off,green
64.11520150279499,-21.773580318435677,Light 168825,Mercury,off,purple
64.11402929173387,-21.875358630150593,Light 115539,Mercury,on,purple
64.11028426299711,-21.823500798804748,Light 148924,Fluorescent,on,green
64.14968634703965,-21.94372961854345,Light 181332,Halogen,on,blue
64.12682155159929,-21.794436120207468,Light 177734,Halogen,on,purple
64.11178205841541,-21.82041621074651,Light 176046,Mercury,off,blue
64.1352244808407,-21.93510293636909,Light 111566,LED,on,red
64.0879652121133,-21.84157943654324,Light 174410,Fluorescent,off,red
64.12663176865819,-21.91863632998085,Light 157645,Mercury,on,red
64.1037288042293,-21.864024289030084,Light 173918,Mercury,off,green
64.09982009485941,-21.901343205508866,Light 115020,Fluorescent,on,red
64.14015426743528,-21.78681400943947,Light 139183,Fluorescent,off,blue
64.09934870344118,-21.87483904017487,Light 136742,Mercury,on,purple
64.09890091922439,-21.921545533550134,Light 107320,LED,on,blue
64.10454515291502,-21.794559090382673,Light 144886,Fluorescent,on,red
64.14107324815893,-21.802220707954106,Light 189964,Halogen,off,blue
64.08993859444614,-21.949976999981864,Light 161231,Halogen,on,green
64.14261321610024,-21.78201597954082,Light 135991,Mercury,on,pink
64.12162318090512,-21.77362674211172,Light 105334,Mercury,off,blue
64.09609181554886,-21.849917158475144,Light 189763,Mercury,off,blue
64.11535984414309,-21.84566963532838,Light 114793,LED,off,red
64.13885693313216,-21.834174528004038,Light 125549,LED,on,blue
64.11228400422762,-21.855890566333336,Light 198177,Fluorescent,off,red
64.11884607738176,-21.802726895349128,Light 121835,LED,off,pink
64.12240452533206,-21.94669415299612,Light 144486,Fluorescent,off,pink
64.10365621594129,-21.7825581008804,Light 162352,LED,off,red
64.08348322811496,-21.870008532529983,Light 113329,Fluorescent,on,green
64.13654916767806,-21.780083083283856,Light 129739,LED,on,purple
64.11698394892741,-21.805164436366198,Light 195847,Fluorescent,off,red
64.11901022589952,-21.90259579744024,Light 151694,LED,off,red
64.13939790209385,-21.81768185177844,Light 160393,Halogen,off,purple
64.1456529758079,-21.80844156758993,Light 191724,Mercury,off,pink
64.11729370550293,-21.927325487228423,Light 135486,Fluorescent,on,blue
64.110201896498,-21.884235038818133,Light 128946,Mercury,off,red
64.08638677221794,-21.916974892091854,Light 178796,Mercury,on,red
64.14035915670615,-21.773962094468505,Light 186622,Mercury,off,green
64.14851904575401,-21.92666925586235,Light 178625,Fluorescent,on,pink
64.10309654716465,-21.800147933720524,Light 185003,LED,on,green
64.08455494976388,-21.852597503443494,Light 155468,LED,on,purple
64.12003514193543,-21.86309368326086,Light 136865,Mercury,off,green
64.14778027679705,-21.8870655412388,Light 172495,Halogen,off,red
64.11602116527425,-21.93928457413224,Light 182978,Fluorescent,off,red
64.09159395619517,-21.89831264133989,Light 137885,Mercury,off,pink
64.09320319060987,-21.789394671721443,Light 144030,Mercury,off,pink
64.09099602062157,-21.811340517711656,Light 132716,Fluorescent,on,purple
64.1079244776839,-21.94852024540391,Light 109318,Fluorescent,off,green
64.10787921094273,-21.91484914057064,Light 174974,Mercury,off,green
64.12575620703157,-21.796557202024122,Light 126605,LED,off,purple
64.14504076212361,-21.852681962277227,Light 143987,LED,off,red
64.09652461692949,-21.80347527434711,Light 155191,Halogen,on,pink
64.08030029368676,-21.8173701610262,Light 151770,Halogen,off,blue
64.14681209124237,-21.79371617700556,Light 169693,LED,off,purple
64.14345682064598,-21.782483257393064,Light 173623,Mercury,on,green
64.11859496654853,-21.944891181918425,Light 144912,Halogen,on,green
64.12138529435353,-21.801384371357322,Light 143776,Fluorescent,off,blue
64.11384079940473,-21.89157985106577,Light 122089,Mercury,on,red
64.10916135911869,-21.857887092553813,Light 195741,LED,on,green
64.08193290686035,-21.821376301066913,Light 171422,LED,off,red
64.09606917510153,-21.926641100201024,Light 151133,Fluorescent,on,purple
64.12020388550268,-21.90487948270338,Light 177838,LED,on,pink
64.10148668137847,-21.784453495173118,Light 184781,Mercury,off,pink
64.14971113646419,-21.826649812390137,Light 158102,LED,on,blue
64.1156020487078,-21.919289121581535,Light 181722,LED,on,red
64.08105462771887,-21.8244100762946,Light 110709,Mercury,on,pink
64.13745181098376,-21.929522779880738,Light 157104,LED,off,pink
64.08088327253468,-21.872340168315358,Light 161879,Mercury,off,blue
64.14493534972854,-21.852713742110264,Light 171884,Mercury,off,pink
64.09711553313778,-21.797404274433013,Light 151723,LED,on,red
64.11947566356153,-21.916446608354764,Light 194283,Halogen,off,red
64.11380248642494,-21.89882403736675,Light 114659,Halogen,on,red
64.12482245436586,-21.844876120549902,Light 150914,Fluorescent,on,purple
64.0884458321684,-21.878574114568664,Light 149944,LED,off,green
64.12574251153242,-21.928508368131677,Light 164306,Halogen,off,green
64.12020050978846,-21.847569267054176,Light 110305,Mercury,on,green
64.09945515333123,-21.91481630982713,Light 187403,Fluorescent,off,red
64.08077032687865,-21.79807115688213,Light 137364,Fluorescent,off,red
64.12337722660855,-21.811700157305822,Light 147560,Fluorescent,on,blue
64.10486593284742,-21.878148926082087,Light 108443,Mercury,on,pink
64.09529152011865,-21.888105319464,Light 162401,Fluorescent,on,purple
64.14419680009857,-21.948865969512507,Light 160324,Mercury,off,red
64.14037815190291,-21.870562279128595,Light 178693,Halogen,on,purple
64.14773733589581,-21.891532806413842,Light 174834,Fluorescent,on,pink
64.08825359988842,-21.9401166281884,Light 124176,Mercury,off,pink
64.11855066872705,-21.925440824425724,Light 145733,LED,on,pink
64.12448770079247,-21.873643609522414,Light 105310,LED,on,red
64.13383472934774,-21.91247247218553,Light 180372,Halogen,on,green
64.12097312001258,-21.840831190931844,Light 180907,Mercury,on,green
64.14810715895092,-21.77947799789506,Light 138697,Fluorescent,off,pink
64.08399187176228,-21.874754567793875,Light 113431,Halogen,off,red
64.12337359826812,-21.779824041152104,Light 158043,LED,on,pink
64.1430712025953,-21.877156018974553,Light 105773,Halogen,on,purple
64.14231613447502,-21.815043336265948,Light 135042,Fluorescent,on,pink
64.10079526090271,-21.860356266079172,Light 179427,Mercury,on,green
64.0979637511495,-21.834069120138757,Light 179900,LED,off,blue
64.08851137503108,-21.855648510241874,Light 138965,Fluorescent,on,green
64.13448424204299,-21.915406880091965,Light 146112,Mercury,off,purple
64.12864629676095,-21.806946410914513,Light 167379,Mercury,off,purple
64.10583260591426,-21.898730340150212,Light 162923,Halogen,off,green
64.13646713319322,-21.838712753441598,Light 176588,Mercury,off,blue
64.13136235860505,-21.875078782679182,Light 155333,Fluorescent,off,blue
64.10413957419519,-21.83406960402639,Light 196338,Halogen,off,purple
64.09228233657586,-21.79999059625524,Light 188825,Fluorescent,on,green
64.10438352436132,-21.781007896093968,Light 189462,Halogen,off,red
64.13596088582848,-21.780644319213444,Light 156730,Mercury,on,green
64.09764210666823,-21.822213914583724,Light 157978,Fluorescent,on,blue
64.1264202906501,-21.939051246714,Light 123555,LED,off,green
64.14254420799074,-21.89834641974229,Light 110081,Mercury,off,pink
64.1077574814788,-21.910729429179586,Light 186395,Fluorescent,off,purple
64.13003497710483,-21.933456586026583,Light 186449,Mercury,on,blue
64.08987145652584,-21.855476468719093,Light 132996,Halogen,on,purple
64.10529286481129,-21.94990779568343,Light 136232,Halogen,on,green
64.08946985292533,-21.841652410082684,Light 105338,Fluorescent,on,blue
64.09657203107957,-21.828906550920504,Light 166312,Halogen,off,blue
64.13072526845839,-21.848845111562202,Light 109715,Fluorescent,off,red
64.13710208484072,-21.91361383085479,Light 117589,Fluorescent,off,blue
64.1081039457638,-21.774844666934396,Light 187793,Mercury,off,green
64.08555730818044,-21.836730022885398,Light 197473,LED,on,blue
64.0924644039942,-21.905020069315057,Light 199046,Fluorescent,on,blue
64.14414139003915,-21.79146471987912,Light 168947,Mercury,off,purple
64.14173563637617,-21.93985421612358,Light 107721,Fluorescent,on,blue
64.11690792486371,-21.92821329109048,Light 192634,LED,off,purple
64.13619106692393,-21.78070514732114,Light 171809,Mercury,on,blue
64.10547042849569,-21.94566346605048,Light 124117,Halogen,off,pink
64.102983369555,-21.779194431869406,Light 183206,Fluorescent,on,green
64.09800986860812,-21.884883746876735,Light 120103,Fluorescent,off,purple
64.12886856842358,-21.858630951384917,Light 109256,Halogen,off,pink
64.09934662038762,-21.856525352846823,Light 161172,Mercury,off,green
64.14552009351716,-21.874831861100937,Light 196020,Fluorescent,on,pink
64.12509164155439,-21.77018688863145,Light 137850,LED,on,purple
64.10437268056491,-21.848833670383662,Light 138527,Mercury,on,pink
64.13265273989735,-21.882118714574318,Light 188089,Fluorescent,off,blue
64.10367810869977,-21.847873728747555,Light 193147,Fluorescent,on,red
64.08655922577408,-21.79883632152747,Light 117150,LED,off,pink
64.08343560840402,-21.877072651039548,Light 174000,Mercury,off,red
64.11694840749061,-21.894785180881776,Light 160015,LED,off,blue
64.11516925284296,-21.836778576137995,Light 142077,Fluorescent,on,green
64.12457060976887,-21.90961073490156,Light 125713,Fluorescent,off,blue
64.10666299871995,-21.834903074664034,Light 130137,Mercury,on,green
64.13678572832286,-21.933461969749953,Light 185090,Halogen,off,blue
64.14819882835133,-21.79856356606717,Light 169086,LED,off,pink
64.1322108436706,-21.93478401437851,Light 108849,Mercury,on,red
64.14137433956749,-21.86185812005533,Light 172042,Fluorescent,off,pink
64.09073240013241,-21.919614341464673,Light 110770,Halogen,off,green
64.10358601315119,-21.771274337491572,Light 153922,Fluorescent,on,green
64.12145984343927,-21.9333843749069,Light 179224,Mercury,off,purple
64.1113451059607,-21.860219808913826,Light 125927,Mercury,on,blue
64.117386920542,-21.891402889831156,Light 176833,Halogen,on,purple
64.11508273567378,-21.92283484015345,Light 189790,Fluorescent,on,green
64.08396515208932,-21.941650596387873,Light 119980,Fluorescent,off,pink
64.12387398578697,-21.80200845943723,Light 181674,Halogen,off,blue
64.14874404551482,-21.829692474687008,Light 163463,Mercury,off,red
64.11599494174219,-21.785508512153868,Light 120502,Halogen,off,purple
64.08006768323744,-21.899901554067853,Light 130542,Mercury,off,green
64.128373319392,-21.838596774127936,Light 100798,Halogen,on,blue
64.1210007854656,-21.938714250708298,Light 161317,Halogen,on,green
64.12787064743779,-21.791689077584177,Light 100910,Fluorescent,off,purple
64.11033245978548,-21.862239350422676,Light 156974,Fluorescent,on,purple
64.10903015033736,-21.883415819529574,Light 199966,LED,off,purple
64.12142781246267,-21.927065159843476,Light 173396,Fluorescent,off,pink
64.09755801058733,-21.844804741849433,Light 152776,Fluorescent,off,purple
64.10165358718821,-21.84114760366416,Light 147310,Fluorescent,off,blue
64.10125171872063,-21.91466362102022,Light 197157,LED,on,blue
64.14966144149552,-21.77082799221975,Light 113385,Fluorescent,on,purple
64.12283565145232,-21.922692001299474,Light 179106,Fluorescent,off,red
64.0978763994135,-21.775789185249614,Light 148765,Halogen,off,pink
64.10615653676544,-21.92580900080236,Light 105367,Fluorescent,on,blue
64.12870252431301,-21.938933445624933,Light 114463,Halogen,off,red
64.11853212987809,-21.77827706442917,Light 189551,Mercury,off,pink
64.10978571531092,-21.82384372361834,Light 118912,Fluorescent,off,purple
64.12092607500406,-21.809699447432653,Light 130468,Fluorescent,on,red
64.10418123519314,-21.83884828857736,Light 119991,Fluorescent,off,pink
64.121835286514,-21.80303394136224,Light 193329,Fluorescent,on,purple
64.10156823586928,-21.772032433741092,Light 115685,Fluorescent,on,pink
64.08667002576985,-21.814266727380293,Light 161124,Halogen,on,red
64.08708789500078,-21.9472459409479,Light 194737,Mercury,on,green
64.14639376875749,-21.82713789969158,Light 133888,Fluorescent,on,pink
64.12997568954489,-21.814170657142576,Light 121307,Halogen,on,green
64.1484298733946,-21.85063992720333,Light 150900,Halogen,on,blue
64.12080925124917,-21.853817049677353,Light 168891,Fluorescent,on,pink
64.10266444385556,-21.82698817688132,Light 199767,LED,off,blue
64.10583206266585,-21.85430243946401,Light 130319,LED,on,pink
64.09255270027148,-21.875246926882287,Light 103769,Halogen,on,red
64.09793746703512,-21.77694168238331,Light 164651,LED,on,pink
64.14186387881296,-21.874346086275967,Light 100908,Fluorescent,off,blue
64.14456330122994,-21.849540219634154,Light 102671,Mercury,on,pink
64.09344809378335,-21.85194802935662,Light 197987,Mercury,off,green
64.09785997162489,-21.77652603865903,Light 102003,Halogen,off,purple
64.14936490842578,-21.88281246929462,Light 195780,Halogen,off,pink
64.09062777972647,-21.796014215867583,Light 107034,LED,on,red
64.09959668038061,-21.827236741129234,Light 162955,Halogen,off,pink
64.14724885199178,-21.830800920810205,Light 163784,LED,off,red
64.13462947454254,-21.892857114578636,Light 168076,Mercury,on,green
64.09927431634537,-21.906747967562037,Light 192757,Mercury,on,green
64.10816857634283,-21.848276962072184,Light 140987,Mercury,off,green
64.11233633390123,-21.920747867831828,Light 151879,LED,off,green
64.08776272849343,-21.845614462650452,Light 107909,Mercury,off,purple
64.1195413740069,-21.896118712568175,Light 168471,LED,on,blue
64.08411416758999,-21.945635967357855,Light 151517,LED,on,red
64.08755992954886,-21.78232317291148,Light 181109,Halogen,off,purple
64.09973159956061,-21.92827623653723,Light 108824,LED,on,pink
64.11923926346276,-21.927702016591976,Light 140317,Halogen,on,red
64.11725177606355,-21.93276148078121,Light 118238,Halogen,off,pink
64.11976650267701,-21.820163971464346,Light 174295,LED,off,purple
64.09471822982033,-21.937294527211925,Light 149877,Fluorescent,on,purple
64.10353059562364,-21.920773226298614,Light 123838,LED,off,red
64.14792072009153,-21.92379285531628,Light 148318,LED,on,blue
64.14516239705307,-21.87522703816928,Light 184101,LED,on,blue
64.14054807086862,-21.93894247005312,Light 190288,Halogen,on,purple
64.0956905908999,-21.924996914708927,Light 116458,Mercury,on,green
64.12021410620878,-21.79938554803857,Light 166438,Halogen,on,green
64.13693342761651,-21.910415449381436,Light 131378,Halogen,off,pink
64.08199655936637,-21.817156063683733,Light 165330,Fluorescent,off,red
64.12373926150069,-21.91940063669165,Light 111497,Halogen,on,pink
64.13305164825069,-21.793724400169086,Light 101706,Halogen,on,pink
64.08420903064432,-21.790164149492867,Light 168949,LED,off,blue
64.11867401607435,-21.81204241437129,Light 188847,LED,on,green
64.10762041516732,-21.85780567583903,Light 110993,Mercury,on,blue
64.14470766235567,-21.865918858687422,Light 109301,Fluorescent,on,blue
64.13078390497381,-21.83389617070712,Light 152929,Mercury,on,purple
64.11032881081613,-21.941016979888815,Light 172098,Fluorescent,on,purple
64.08282601150272,-21.813857897251157,Light 174043,Halogen,off,red
64.13766807972193,-21.813430156428677,Light 169926,LED,off,pink
64.12078164945315,-21.779999598194408,Light 144713,Fluorescent,on,pink
64.146363379325,-21.77519256739523,Light 166377,LED,off,green
64.08661022521262,-21.839020932067697,Light 181384,Halogen,on,red
64.09535013385508,-21.844677512478306,Light 177736,Halogen,off,pink
64.14057710973015,-21.902517991922462,Light 105022,Halogen,on,green
64.10944258098854,-21.88239389250092,Light 142145,LED,off,pink
64.12573500376749,-21.882267928230043,Light 137008,Fluorescent,on,red
64.12475626747714,-21.907145489033855,Light 136596,Fluorescent,on,blue
64.11528601610894,-21.90707388685062,Light 199425,Fluorescent,on,pink
64.12033437624385,-21.85091139471295,Light 148080,Mercury,on,green
64.1151985945746,-21.883059420815844,Light 101048,Halogen,on,purple
64.08493622482166,-21.823696013572874,Light 166004,Fluorescent,on,purple
64.13853838170229,-21.94118208899245,Light 193763,LED,on,green
64.11587613955233,-21.938685600914205,Light 137989,Mercury,off,blue
64.13384738368691,-21.841893670447032,Light 142965,Halogen,on,red
64.10250185361697,-21.867879851178376,Light 118234,LED,on,purple
64.13955115642682,-21.948284070874273,Light 168190,LED,on,red
64.12488846390762,-21.85024590157405,Light 190437,Fluorescent,on,pink
64.11554768795112,-21.796068294728524,Light 167202,Fluorescent,on,purple
64.14562136922694,-21.905237393751978,Light 158050,Mercury,on,green
64.13106818704051,-21.927638066521034,Light 128116,Fluorescent,on,blue
64.14327207093727,-21.913977338387706,Light 120292,Halogen,on,purple
64.11042781955479,-21.779779785728596,Light 107912,LED,on,green
64.12529093999566,-21.79979358736791,Light 166579,Halogen,off,red
64.1498332903931,-21.93994518901528,Light 157442,Halogen,on,purple
64.14863510408446,-21.936895243473387,Light 165818,LED,on,purple
64.08852704463654,-21.909451871358925,Light 161925,LED,on,red
64.11931806443046,-21.836253784159084,Light 105643,Mercury,on,red
64.12973848832988,-21.797491465487692,Light 151525,Mercury,on,purple
64.14201591440072,-21.949758339855457,Light 125494,Mercury,off,blue
64.08631862580373,-21.900854384646017,Light 155942,Mercury,off,pink
64.12548545238111,-21.823439528032143,Light 195757,Mercury,on,pink
64.13195891824958,-21.826716077316522,Light 127771,Fluorescent,on,red
64.11286495803029,-21.87943905214347,Light 164971,LED,off,pink
64.12493833017906,-21.77740456702107,Light 129934,Mercury,on,pink
64.10500113815004,-21.911249812167732,Light 196848,LED,on,blue
64.10726138879352,-21.864629676371095,Light 136486,Mercury,on,purple
64.08256522351424,-21.85414068084479,Light 101814,LED,off,pink
64.11131933547108,-21.886324020977845,Light 177423,LED,off,pink
64.08931630339535,-21.85898537235502,Light 177190,Fluorescent,on,red
64.09014739029227,-21.78856955767831,Light 130021,LED,on,pink
64.08328350603416,-21.897104757064902,Light 110908,LED,on,red
64.10181206126762,-21.856762434537917,Light 118028,Fluorescent,on,green
64.13054647494998,-21.83887862219393,Light 138062,Halogen,on,green
64.14991106744627,-21.83366594664608,Light 188744,Mercury,on,red
64.11881743744566,-21.865337560751907,Light 157662,Fluorescent,off,green
64.12821969794531,-21.920845594178083,Light 116165,Halogen,on,purple
64.14940643623152,-21.836619811948847,Light 115798,Fluorescent,on,green
64.08803073163344,-21.8983951662346,Light 179352,Halogen,on,pink
64.13000404581058,-21.787698603272425,Light 147492,LED,on,blue
64.11369632514204,-21.86964258057405,Light 122121,Fluorescent,off,purple
64.13160997545174,-21.945232407289538,Light 149605,Halogen,off,red
64.13103008331821,-21.920076506894056,Light 120695,Halogen,on,green
64.11490324237147,-21.904698829043834,Light 156686,Fluorescent,off,red
64.13408212503155,-21.89999690512477,Light 126802,Halogen,off,blue
64.1411332376729,-21.863736336393274,Light 185624,Fluorescent,on,pink
64.14595960580861,-21.88765449944182,Light 131383,Fluorescent,off,green
64.08024249332689,-21.820722914677408,Light 159912,LED,on,blue
64.09385343453063,-21.840642072849082,Light 181442,LED,on,purple
64.08816082054715,-21.892858129753265,Light 151399,Fluorescent,on,purple
64.08246183443443,-21.887616327700623,Light 183767,Mercury,on,purple
64.11063478644043,-21.81865023666006,Light 127206,Halogen,on,pink
64.13330713132905,-21.819941995733448,Light 197275,LED,on,pink
64.14247645494271,-21.885864015622676,Light 184337,Mercury,off,pink
64.1225346317041,-21.810352594947208,Light 105843,Halogen,off,pink
64.11686748499267,-21.83463314595498,Light 198800,LED,on,blue
64.14175162422843,-21.898185798216517,Light 187149,LED,off,red
64.12492768915583,-21.903941317166634,Light 180815,Mercury,off,blue
64.11766225525945,-21.944910913046137,Light 101855,LED,on,green
64.14038296908448,-21.92623512657714,Light 194404,Halogen,off,purple
64.1443420423083,-21.9091594370765,Light 172575,Fluorescent,off,blue
64.12175626221608,-21.772862877754154,Light 145351,Mercury,off,green
64.14085414747161,-21.78752883823506,Light 169643,Halogen,on,red
64.14651271802813,-21.894977895555307,Light 167010,LED,off,pink
64.1114406443282,-21.8410839681755,Light 159182,LED,off,blue
64.08869577200201,-21.909297332357923,Light 122602,LED,off,green
64.09573807764437,-21.780638386428727,Light 150957,LED,on,red
64.14049606378293,-21.856564209391124,Light 133883,Mercury,on,blue
64.13548226019728,-21.873961356473423,Light 177558,Fluorescent,off,red
64.09637380269673,-21.817745162573004,Light 192013,Fluorescent,on,red
64.13418485378442,-21.881659351514614,Light 117654,Fluorescent,off,red
64.14460336575655,-21.912350383862673,Light 129729,Fluorescent,off,green
64.112424678516,-21.90247269476146,Light 197137,Mercury,on,red
64.10539194261233,-21.931867601596917,Light 113511,Mercury,on,blue
64.12274795571574,-21.89253762908942,Light 123804,Fluorescent,off,green
64.13101957356187,-21.932405413336596,Light 134528,Halogen,on,blue
64.14123860521677,-21.905178810318787,Light 187626,Halogen,on,pink
64.09239249827905,-21.827654361787694,Light 190262,LED,off,green
64.10806950063231,-21.835753505738122,Light 179911,Halogen,off,blue
64.13710182612945,-21.894784001820884,Light 169978,Fluorescent,on,purple
64.14470988031611,-21.835268436555847,Light 102997,LED,on,red
64.08687428306312,-21.824765204791472,Light 163945,Mercury,off,purple
64.13875161111478,-21.872651935183704,Light 143888,Mercury,on,blue
64.10476763795768,-21.829968646399262,Light 111126,LED,off,red
64.11196310621494,-21.829440917255543,Light 151515,Fluorescent,on,purple
64.08133747549978,-21.945677329751646,Light 109669,Mercury,on,red
64.13336948718224,-21.923218143147363,Light 100247,LED,on,green
64.13737353957767,-21.849159059174163,Light 167485,LED,off,pink
64.08644754921622,-21.823848743571,Light 123992,Fluorescent,on,green
64.08464848867078,-21.795950683452165,Light 172204,LED,on,blue
64.12444264362455,-21.946817119072062,Light 171497,Fluorescent,on,green
64.08825237299672,-21.910653693140173,Light 147029,Fluorescent,off,pink
64.12359115739969,-21.821025799565895,Light 114734,Mercury,on,blue
64.12584056743748,-21.870774353906516,Light 194005,Mercury,off,purple
64.11747222357371,-21.90185941342095,Light 136311,Halogen,on,red
64.09815386714814,-21.9149412534122,Light 160411,LED,on,pink
64.08916800802291,-21.835196465245144,Light 106952,LED,off,red
64.1122155573397,-21.94904890600528,Light 160973,Mercury,off,pink
64.10458381022373,-21.864701644637606,Light 165614,LED,on,blue
64.11627812523787,-21.906398184861793,Light 116017,Halogen,on,red
64.10087278341337,-21.77871293186508,Light 177872,Mercury,on,pink
64.08230651283893,-21.93564692005024,Light 188264,LED,on,red
64.13760572449334,-21.807368186160048,Light 141619,LED,on,green
64.108847826012,-21.789409947170217,Light 132089,Halogen,on,green
64.1268833574775,-21.87829197596498,Light 168962,Halogen,off,red
64.13168241063559,-21.894447776281616,Light 145225,LED,off,blue
64.08500080126126,-21.847329543264156,Light 104455,Halogen,off,blue
64.105665668652,-21.78098949777197,Light 179189,Fluorescent,on,green
64.08766732179906,-21.85458005532579,Light 130810,Fluorescent,on,green
64.09521617107326,-21.824028961041073,Light 158954,Mercury,on,purple
64.12341259922336,-21.885376961949927,Light 161976,Fluorescent,on,blue
64.0858386289946,-21.852966763004204,Light 193162,LED,off,purple
64.09567691969308,-21.89181381438206,Light 125095,Mercury,on,blue
64.10072606357069,-21.823216900625205,Light 183372,Halogen,off,green
64.14227588959294,-21.907638804200932,Light 111155,LED,off,purple
64.10746549450977,-21.948815708489676,Light 124908,LED,on,purple
64.08059517643164,-21.939618285455783,Light 123839,Halogen,off,blue
64.11348792730314,-21.83497575608255,Light 141800,LED,on,red
64.13146187232198,-21.92391252881832,Light 137215,Mercury,off,blue
64.08582400095608,-21.817704308686555,Light 128894,Halogen,on,purple
64.11179493617131,-21.872582136999505,Light 111156,Fluorescent,on,pink
64.09496719637824,-21.84012847803473,Light 150749,Mercury,on,pink
64.08709085125956,-21.821402954812807,Light 148163,Fluorescent,on,green
64.10788268458533,-21.87068672785086,Light 159320,Mercury,on,green
64.13629044251732,-21.94527216486511,Light 197325,Mercury,off,blue
64.12239132916467,-21.797689957345234,Light 194245,Mercury,on,green
64.13906552507045,-21.80024675247523,Light 191864,LED,off,red
64.11946437285236,-21.813226511673996,Light 164857,Fluorescent,on,red
64.13081536373252,-21.79135100809866,Light 186746,Halogen,off,blue
64.11766113635653,-21.87991578189605,Light 132751,Fluorescent,off,pink
64.11103622813958,-21.902124650569107,Light 146404,Mercury,off,purple
64.11319981333925,-21.812019860766608,Light 191504,LED,off,purple
64.12001091532986,-21.880947378155092,Light 130168,Halogen,off,purple
64.1263231355497,-21.798785215947607,Light 127332,LED,off,purple
64.10754818757964,-21.791721200697054,Light 169876,LED,off,pink
64.14859940801685,-21.91460207613561,Light 192358,Mercury,on,blue
64.0901067781323,-21.780253645750417,Light 138242,Mercury,off,green
64.08070833796882,-21.796042054053224,Light 142746,LED,on,pink
64.13327320859949,-21.822179587450695,Light 103145,Halogen,off,purple
64.12425005118179,-21.881076374539795,Light 161962,Fluorescent,off,pink
64.12678631926683,-21.81558738333263,Light 197799,Fluorescent,off,green
64.12771286968444,-21.806406525351075,Light 127612,Fluorescent,off,purple
64.10908980446608,-21.803878696067226,Light 182516,Fluorescent,on,green
64.09900070733379,-21.892400504617818,Light 114934,LED,off,purple
64.11525899821565,-21.91607831220542,Light 129025,LED,off,purple
64.1151937511188,-21.808793470763533,Light 183306,Halogen,off,blue
64.13703644719887,-21.82785248146358,Light 114312,Halogen,on,red
64.08448934229854,-21.82046736112689,Light 183977,Fluorescent,on,purple
64.10603682122154,-21.829245814006022,Light 113843,Mercury,off,pink
64.14263956535386,-21.874612354690118,Light 147428,Fluorescent,on,purple
64.08833918817014,-21.861092056297405,Light 135210,Mercury,on,pink
64.08553805611432,-21.823364956759754,Light 171250,Mercury,off,blue
64.08285482616155,-21.90435641430221,Light 151199,Mercury,off,purple
64.11779933374717,-21.90192906970183,Light 185588,Mercury,on,red
64.12973088322967,-21.85012723516698,Light 151180,LED,on,blue
64.08908150861107,-21.882200457874077,Light 103878,LED,off,red
64.11196206375993,-21.89850946304469,Light 175488,Mercury,on,green
64.11817932994258,-21.899243997165044,Light 142442,Fluorescent,off,green
64.1125421127602,-21.78456021275247,Light 142127,Mercury,on,pink
64.10289147475892,-21.784418809431397,Light 142924,Halogen,off,purple
64.12383910155759,-21.770855844644128,Light 129137,Halogen,off,green
64.10353376764917,-21.907447504269328,Light 179241,Fluorescent,off,red
64.10078233729867,-21.90388999214898,Light 175766,LED,on,blue
64.11982388263797,-21.87676880441452,Light 173848,Mercury,on,green
64.08549288258686,-21.87103240924324,Light 136057,Mercury,off,blue
64.11620107164798,-21.930616649911293,Light 121257,LED,off,red
64.09184022024381,-21.82382422025784,Light 189484,LED,off,red
64.11927941858742,-21.794126620647532,Light 190695,Mercury,on,green
64.10210584520921,-21.802026689837046,Light 155587,Fluorescent,off,blue
64.0969483903629,-21.827977821392352,Light 176883,Mercury,off,blue
64.1496572086698,-21.881135712956098,Light 178014,Fluorescent,on,red
64.13939721815545,-21.938857862729357,Light 159197,Mercury,on,blue
64.14093988769517,-21.836956154546154,Light 139741,LED,on,green
64.0926038329954,-21.774892280668002,Light 140410,Halogen,on,blue
64.14353362053598,-21.889926236855974,Light 173854,LED,off,blue
64.13269575058848,-21.88663231866015,Light 151748,LED,on,purple
64.11909847944217,-21.897433476769493,Light 134176,LED,off,purple
64.09947485246667,-21.935625144029718,Light 131580,Fluorescent,on,green
64.13157248294539,-21.813893026000766,Light 179798,LED,off,red
64.08758314050478,-21.945543359565818,Light 148707,Fluorescent,off,green
64.0879074522181,-21.913462154778426,Light 118376,Mercury,off,red
64.1387625656843,-21.8180536020294,Light 194741,Fluorescent,off,blue
64.10822839174922,-21.875521675226114,Light 192481,Mercury,off,pink
64.14565100906957,-21.782743064390665,Light 120983,LED,off,green
64.11803723613365,-21.889378548564434,Light 116700,Mercury,off,green
64.08629966630858,-21.94246448510338,Light 129560,Mercury,off,red
64.1066793484124,-21.834937478224003,Light 170445,LED,off,red
64.13117232761151,-21.88906310612475,Light 135864,LED,on,red
64.1324549111204,-21.884594299907185,Light 174960,Halogen,off,purple
64.1158553932215,-21.81961172435779,Light 143977,Fluorescent,off,red
64.11995790757446,-21.82070725030798,Light 141618,Fluorescent,off,pink
64.10815531585405,-21.852906222075877,Light 156277,LED,off,red
64.09217831841197,-21.794116789711644,Light 171247,Mercury,on,red
64.10470752775285,-21.90160975485066,Light 132067,LED,on,blue
64.13980733045724,-21.863138227269413,Light 106209,Halogen,on,purple
64.10522658013883,-21.848154985251927,Light 147886,Fluorescent,off,blue
64.14544037656624,-21.916582133434368,Light 102925,Mercury,off,purple
64.12020493003412,-21.82064818489582,Light 112582,Halogen,on,blue
64.1336955099583,-21.904068740969254,Light 112386,Mercury,on,purple
64.14569601167291,-21.881483374268157,Light 189946,Halogen,on,pink
64.11331079373967,-21.94229750107426,Light 131738,LED,off,pink
64.10900670332374,-21.84458124991025,Light 196411,Halogen,off,red
64.12618129461019,-21.947132926026708,Light 180962,LED,on,blue
64.10017653790497,-21.898827348732087,Light 127442,Mercury,off,blue
64.08057593007827,-21.899292599824786,Light 155058,Mercury,on,blue
64.11188567838424,-21.901209162438487,Light 132596,Fluorescent,off,green
64.09339860654107,-21.932112703771246,Light 195799,Fluorescent,on,purple
64.14789876358427,-21.776891970950697,Light 109943,Mercury,off,purple
64.14474533839541,-21.93463872059349,Light 103290,Halogen,off,purple
64.11406402894565,-21.867036818265703,Light 161160,Fluorescent,on,red
64.09714616871192,-21.87042592216024,Light 125251,LED,on,pink
64.09147300805344,-21.83263780518737,Light 100784,Halogen,on,blue
64.14487928596003,-21.893442152463823,Light 122121,Fluorescent,off,blue
64.1121072439419,-21.8991116423652,Light 126100,Halogen,off,purple
64.10617676737337,-21.834150899122637,Light 127630,Halogen,off,purple
64.08921833487929,-21.773043222014458,Light 181637,LED,off,green
64.10425908471397,-21.83314059523452,Light 188303,LED,on,pink
64.08219905647826,-21.789462939081986,Light 188462,Fluorescent,off,red
64.12713114209312,-21.83682625621897,Light 128666,Fluorescent,off,pink
64.11246660342432,-21.892889670340438,Light 103410,LED,off,red
64.13679715136686,-21.82715096512903,Light 198593,Halogen,off,purple
64.14699520498961,-21.906113735294134,Light 113160,Fluorescent,on,red
64.12163103322749,-21.916767720336434,Light 166254,Fluorescent,off,blue
64.13915356458145,-21.90378771875558,Light 116017,Fluorescent,off,pink
64.14208817945992,-21.84292964788186,Light 195400,Halogen,on,blue
64.10267029569529,-21.82152799954067,Light 193639,LED,off,purple
64.14325477355415,-21.78359160853434,Light 139566,Fluorescent,off,pink
64.13336835974886,-21.865948676120947,Light 176600,LED,off,green
64.1319275434049,-21.802611946855077,Light 175902,Fluorescent,on,blue
64.12612042081933,-21.93818362025272,Light 179202,LED,on,purple
64.10943771203237,-21.828440795729456,Light 104885,Mercury,off,purple
64.13666162744494,-21.911175224542568,Light 192899,Mercury,off,purple
64.14708965081284,-21.8736056142483,Light 134867,LED,off,purple
64.10906779783392,-21.884444724650063,Light 130982,LED,on,green
64.10521040426305,-21.826189037264534,Light 148558,LED,off,red
64.12098128538649,-21.914718407881974,Light 101921,Halogen,off,green
64.09964765275436,-21.932708372344102,Light 140021,Halogen,on,blue
64.12296128379751,-21.802585304350345,Light 120635,LED,on,pink
64.08178301581289,-21.861605564916424,Light 172129,Fluorescent,on,purple
64.11304205404622,-21.773485457591708,Light 175573,Mercury,off,purple
64.1335590486596,-21.94952179330978,Light 118048,Fluorescent,on,pink
64.14186472896938,-21.813782686482664,Light 135691,LED,on,green
64.11160357454405,-21.79665594659108,Light 109198,LED,on,blue
64.09179388445253,-21.871054246091,Light 147581,LED,on,pink
64.09470285777562,-21.83674727736983,Light 156426,Fluorescent,off,pink
64.12133303366144,-21.842588339063983,Light 119573,LED,off,green
64.10414735494665,-21.851097454205885,Light 117509,Halogen,off,blue
64.1096727500559,-21.77903748413892,Light 192206,Mercury,on,blue
64.12255666029654,-21.785007318299648,Light 135474,Mercury,on,pink
64.12808959247216,-21.867411152004518,Light 108132,Mercury,on,green
64.14563593325052,-21.80797093889007,Light 182695,LED,on,pink
64.10562267863043,-21.787589573706928,Light 181105,Halogen,off,red
64.11200245955557,-21.939767512523613,Light 103568,Mercury,on,blue
64.13021082375502,-21.944280153489665,Light 141598,Fluorescent,off,red
64.11504713607269,-21.934098663172314,Light 104166,LED,on,red
64.10470356925254,-21.802945959466594,Light 113038,Fluorescent,on,purple
64.14604433943575,-21.865164685813,Light 125177,Mercury,off,pink
64.14068805149014,-21.8121698107863,Light 111874,Fluorescent,on,red
64.1366073783457,-21.92792145397058,Light 193691,Fluorescent,on,red
64.12569152244102,-21.801800945907587,Light 130047,Halogen,on,red
64.1073071239335,-21.84489706990405,Light 140049,Halogen,on,green
64.12471509140644,-21.885776167729773,Light 108467,Halogen,off,pink
64.09908987251966,-21.782334942900437,Light 149261,Halogen,off,red
64.13673948023305,-21.87071090500673,Light 185293,Mercury,off,purple
64.10389158933485,-21.888062548065623,Light 166449,Mercury,off,purple
64.14456275086555,-21.945846703153173,Light 166390,Mercury,off,green
64.09337595757565,-21.811652010674692,Light 128101,Fluorescent,off,purple
64.0810923246536,-21.787423143217453,Light 141532,LED,on,purple
64.14363541179027,-21.883651788640897,Light 124755,Mercury,on,green
64.11910120028998,-21.849875520323902,Light 129291,LED,on,purple
64.08799075493756,-21.89742857686906,Light 110651,LED,off,blue
64.10670765767449,-21.881066091655356,Light 169127,Halogen,on,green
64.12456682462555,-21.908809269595753,Light 161288,Halogen,off,green
64.10220848503039,-21.915615298909596,Light 178477,Fluorescent,on,green
64.09010904813697,-21.937831131653756,Light 177836,LED,on,purple
64.10080637262666,-21.87555138446883,Light 168247,LED,off,pink
64.13554029301129,-21.872680767460004,Light 164346,Halogen,off,red
64.11594087909154,-21.884111331611674,Light 148638,Fluorescent,on,pink
64.1496586239169,-21.895520690511884,Light 198731,Mercury,on,green
64.11935062418131,-21.80783281858325,Light 120409,LED,off,green
64.1105235882565,-21.839592195845782,Light 169941,Halogen,off,red
64.10328428282124,-21.77379728693701,Light 158042,Mercury,off,purple
64.09342488507488,-21.77361323301295,Light 192691,LED,on,green
64.14914735851985,-21.944412516889923,Light 101809,LED,on,green
64.08033093950544,-21.845346247942462,Light 134979,Halogen,off,purple
64.09830177203737,-21.81830425277006,Light 171148,Fluorescent,off,pink
64.08855313220481,-21.82583733511328,Light 125736,Fluorescent,off,green
64.08823288131923,-21.86290150398059,Light 198365,Mercury,on,pink
64.13388751757883,-21.814677627408233,Light 199721,Fluorescent,on,purple
64.08973407599721,-21.945678791813062,Light 119679,Mercury,off,pink
64.09391002737891,-21.820765540794344,Light 124846,LED,on,blue
64.08352079330821,-21.829654522587642,Light 172291,LED,on,red
64.1481278228504,-21.866516036327432,Light 140587,Halogen,off,green
64.14565866639411,-21.901752854993344,Light 142846,Fluorescent,on,pink
64.13967252750561,-21.808868339617547,Light 142750,LED,on,red
64.13010821096786,-21.843558192740662,Light 157488,LED,off,purple
64.13457172217693,-21.903977093539087,Light 113866,Halogen,on,pink
64.12408022733722,-21.774262933427813,Light 187323,Mercury,on,purple
64.09343759861578,-21.777349713058598,Light 140732,Halogen,on,green
64.08761113745058,-21.875068485709598,Light 156858,LED,on,green
64.12773184725258,-21.831774630864306,Light 129164,Fluorescent,on,red
64.09758187865506,-21.92795100954942,Light 132535,Halogen,on,purple
64.11146324053139,-21.861728503110218,Light 189532,LED,off,pink
64.13167499469878,-21.82425392704465,Light 127803,Halogen,off,purple
64.10335903975657,-21.866772319707266,Light 105199,Halogen,off,pink
64.14372400372768,-21.843430790986368,Light 197269,Halogen,off,pink
64.14430874610316,-21.783488391944452,Light 100989,LED,on,red
64.08768899853669,-21.893639696894503,Light 183767,Mercury,on,purple
64.10909559100757,-21.94624223394699,Light 140698,Fluorescent,off,purple
64.12791809239931,-21.801339314435374,Light 161631,LED,off,purple
64.10075639206514,-21.77541942369592,Light 163594,Fluorescent,on,green
64.0973790958578,-21.859245989843327,Light 141554,LED,off,green
64.08152342787055,-21.930574155197817,Light 149744,Halogen,off,purple
64.11758139449755,-21.786329134074702,Light 141135,Fluorescent,on,pink
64.14126921447473,-21.792993743519474,Light 101775,LED,on,purple
64.12062132295176,-21.905702419796985,Light 127086,LED,on,pink
64.11223264498916,-21.827190704552084,Light 129050,LED,on,blue
64.12240254177766,-21.770209398185543,Light 182064,Mercury,on,red
64.13898206376582,-21.770352792866916,Light 153446,Fluorescent,on,red
64.12953307042689,-21.825183707546966,Light 121171,Mercury,off,pink
64.14294894316645,-21.801143164045452,Light 128785,Mercury,on,pink
64.09924269366157,-21.809026707054073,Light 131814,Mercury,off,green
64.08090768373461,-21.8616399138367,Light 130546,Mercury,on,purple
64.091559011269,-21.899839052194324,Light 191592,Halogen,on,red
64.13498972334523,-21.865557740512365,Light 105088,Halogen,on,red
64.10073031018848,-21.79527442986858,Light 180749,Mercury,off,pink
64.10148237326051,-21.85696555968353,Light 190067,Fluorescent,off,blue
64.10240627513399,-21.88779360210523,Light 109168,Fluorescent,on,green
64.08228695818703,-21.822289139948367,Light 175908,LED,off,blue
64.12779143606227,-21.872095884412943,Light 125980,Halogen,off,pink
64.09321038399655,-21.802512904717656,Light 143262,Mercury,off,blue
64.10970424321094,-21.923900833199557,Light 108708,LED,off,blue
64.1376842262944,-21.804831855045897,Light 176198,LED,off,blue
64.11886939565932,-21.889768082261906,Light 126197,Mercury,on,pink
64.08730627627601,-21.86863901561395,Light 111770,LED,on,red
64.14198464503885,-21.929145682064053,Light 126197,Halogen,on,red
64.09715802804654,-21.82780870770794,Light 164753,LED,on,purple
64.1425986970224,-21.879840582612363,Light 136694,Mercury,off,red
64.08583477410205,-21.83965720582177,Light 140979,Halogen,on,red
64.09829067069114,-21.878687432252203,Light 134624,Fluorescent,on,green
64.11296642035474,-21.933724749066347,Light 186344,LED,off,red
64.12166737872984,-21.804338674643656,Light 193268,LED,off,blue
64.13199887642077,-21.810561983806913,Light 187464,Halogen,off,green
64.09838363253468,-21.876284657445375,Light 176526,Mercury,on,purple
64.08877262728703,-21.872631107708997,Light 142831,LED,on,purple
64.11098585493299,-21.801049401332545,Light 173670,Mercury,on,green
64.144549241747,-21.925685194097188,Light 148602,Mercury,on,green
64.11168292164122,-21.940611234380576,Light 147449,Mercury,on,red
64.10081576559804,-21.787267980648263,Light 155998,LED,off,purple
64.10778548728749,-21.940164467894597,Light 157943,Mercury,on,green
64.14571948378392,-21.843066339706144,Light 146026,Mercury,on,green
64.09562455825167,-21.87791391949358,Light 170073,Mercury,off,purple
64.14571175089358,-21.853024202927664,Light 104971,Fluorescent,on,purple
64.12865463685863,-21.832299921222905,Light 196922,Halogen,on,green
64.10133524475265,-21.831623736132016,Light 154615,Mercury,on,purple
64.09492836620126,-21.78609418655975,Light 137418,Halogen,on,red
64.09212428844182,-21.912481830609,Light 184815,Fluorescent,off,green
64.12626610481206,-21.817657646006104,Light 170956,Mercury,off,purple
64.12343173944627,-21.900218017991644,Light 142481,Halogen,on,purple
64.09507312741381,-21.85584126046329,Light 145250,Halogen,off,red
64.08532670235076,-21.946251366921548,Light 118082,Halogen,off,blue
64.10709117988908,-21.89193107500168,Light 142785,LED,off,red
64.11787816070162,-21.906763027045855,Light 147353,Halogen,off,pink
64.14595838398051,-21.9411532316556,Light 120547,LED,off,red
64.14308532488313,-21.894325199884175,Light 120966,LED,on,green
64.11026818798717,-21.840686239486875,Light 124011,Halogen,on,green
64.08613624633814,-21.81780983007297,Light 105730,Fluorescent,off,purple
64.09801091513759,-21.948233962338783,Light 166156,Halogen,on,pink
64.13378029256998,-21.825813883401455,Light 125734,LED,on,pink
64.11773115457224,-21.910921201345776,Light 170347,Fluorescent,off,pink
64.11529472026379,-21.910134606470837,Light 153573,LED,off,green
64.11507878857095,-21.918605492150906,Light 187857,Halogen,off,red
64.1212040598902,-21.949955131431366,Light 176898,Mercury,off,pink
64.11621274871352,-21.800489500014752,Light 126637,Fluorescent,on,pink
64.09832642482596,-21.805534843331404,Light 104313,LED,off,red
64.10830169748364,-21.78842112887617,Light 174710,Fluorescent,on,pink
64.10252607267178,-21.934714591921345,Light 127272,Halogen,on,blue
64.08066895781467,-21.920228645757543,Light 143248,LED,off,pink
64.09989754066743,-21.819100235240846,Light 197114,LED,off,blue
64.12824372801386,-21.920538469705615,Light 115366,Halogen,on,pink
64.12614527961463,-21.944344001252784,Light 123005,Mercury,on,pink
64.08623919391746,-21.775143505845726,Light 161565,Halogen,off,pink
64.11367511465461,-21.795551990903313,Light 178479,Mercury,off,blue
64.0970868910319,-21.94234283019124,Light 120914,Mercury,on,red
64.14126185672646,-21.90878835673559,Light 136965,Fluorescent,off,green
64.11779824036408,-21.945072889297368,Light 139097,Mercury,off,green
64.1307701898609,-21.785892843470208,Light 171044,Halogen,on,blue
64.09655732484835,-21.7877798450517,Light 183926,Halogen,off,red
64.1140249645586,-21.80905727624332,Light 170331,Fluorescent,on,red
64.12097056063307,-21.86585692822063,Light 144969,Fluorescent,on,purple
64.13748113700302,-21.827178074073817,Light 160075,Fluorescent,off,red
64.12926285338963,-21.908745766700143,Light 174503,Halogen,on,pink
64.0928938004782,-21.813418628548312,Light 174865,Mercury,on,purple
64.09470449828844,-21.90692730436913,Light 176319,Mercury,off,pink
64.11777674016655,-21.843442428912308,Light 177039,Halogen,off,purple
64.11600805253141,-21.807080324724204,Light 121156,Fluorescent,on,pink
64.12819323611622,-21.85179028687476,Light 173006,Halogen,on,red
64.08623969219845,-21.775500712701024,Light 127615,LED,on,blue
64.09155037946643,-21.892333182829308,Light 118557,Mercury,off,pink
64.1341488125977,-21.815405423286165,Light 132593,Fluorescent,off,red
64.10265074900826,-21.937098081817016,Light 125975,Mercury,on,green
64.1469187959738,-21.857371571950054,Light 173047,Halogen,off,pink
64.1450221409028,-21.889686501749217,Light 134826,Halogen,on,red
64.12539159154859,-21.873189338607432,Light 164358,Mercury,off,blue
64.14028474531354,-21.792687037452474,Light 197251,Halogen,off,blue
64.09304103000491,-21.861077531801914,Light 195335,Mercury,on,red
64.14096414361987,-21.901129666267817,Light 114912,Fluorescent,on,purple
64.11940936703748,-21.85307905696404,Light 169640,Fluorescent,off,pink
64.09480925267484,-21.77189695055056,Light 102145,Fluorescent,on,purple
64.12081662114095,-21.927371461072575,Light 178746,Halogen,off,purple
64.10749876097549,-21.829760703032758,Light 128479,Fluorescent,off,purple
64.12300958642764,-21.936365786995147,Light 113021,Mercury,on,green
64.11453745003122,-21.838884481883884,Light 194328,Halogen,on,blue
64.12994717666415,-21.82483375653768,Light 115997,Fluorescent,on,red
64.08421946374294,-21.92713664943889,Light 188357,Fluorescent,off,blue
64.10358271790192,-21.80525009168269,Light 175882,LED,off,purple
64.12997328235929,-21.865072466246176,Light 183013,Fluorescent,off,red
64.14044402875022,-21.79600017832493,Light 159744,Fluorescent,on,blue
64.14906826452187,-21.93468193746052,Light 164307,Fluorescent,off,green
64.08921935666979,-21.9129318425256,Light 147782,Halogen,on,red
64.14118025271756,-21.796227627836064,Light 111183,Mercury,on,green
64.13128746637702,-21.94741638459497,Light 168236,LED,off,purple
64.123482511651,-21.785499730186682,Light 118128,Halogen,off,red
64.14367961836705,-21.851129042078867,Light 102496,Fluorescent,off,blue
64.08095356913117,-21.857240386083326,Light 151980,Fluorescent,off,red
64.09225655004194,-21.783524621601806,Light 126081,LED,on,purple
64.10694762372782,-21.857863059887688,Light 130449,Mercury,on,pink
64.12647570038216,-21.928132549661868,Light 168294,LED,off,purple
64.09009252065509,-21.82965846341347,Light 172867,LED,off,purple
64.12233013338516,-21.89012195797857,Light 136656,Halogen,on,purple
64.0909209272932,-21.86614444030253,Light 185853,Fluorescent,off,blue
64.0804593931931,-21.94840653591235,Light 118708,Halogen,on,blue
64.12600518799084,-21.79963785422275,Light 155005,LED,off,green
64.11171738224961,-21.834913890348673,Light 132825,Fluorescent,off,red
64.08257495629701,-21.78415335986975,Light 171040,Mercury,off,pink
64.09103846410048,-21.834812723925676,Light 186329,LED,off,pink
64.10702600711157,-21.77398537651005,Light 155406,Fluorescent,off,blue
64.14016281959553,-21.913679383929058,Light 175885,Mercury,on,pink
64.08174533190146,-21.772134484050877,Light 116543,Fluorescent,on,blue
64.12103206789014,-21.833327127623907,Light 115850,Fluorescent,off,green
64.09207739977474,-21.895100919647145,Light 116975,Fluorescent,off,green
64.14085694183609,-21.84750890515171,Light 174027,LED,off,green
64.1064978382696,-21.84527217364904,Light 126396,Fluorescent,on,blue
64.08204264911394,-21.84164743192325,Light 135651,LED,off,purple
64.1016581730075,-21.79153184173167,Light 175085,Halogen,on,purple
64.13965808300497,-21.770345887687373,Light 159064,Fluorescent,on,pink
64.14713652304992,-21.82425986027645,Light 127706,LED,off,red
64.13725805704794,-21.90178809584723,Light 163262,LED,on,pink
64.08080924955449,-21.87104581669063,Light 195071,Fluorescent,off,pink
64.11547433283664,-21.866378181102185,Light 161186,Halogen,on,green
64.08602886124375,-21.824084402598377,Light 109532,Fluorescent,off,green
64.13373477923128,-21.821590853828475,Light 105986,Mercury,off,green
64.09144059723285,-21.934644187648622,Light 169828,LED,off,purple
64.08130820951335,-21.921707517876275,Light 109832,Mercury,off,blue
64.1123197224465,-21.83587021548459,Light 101398,Mercury,on,purple
64.13063551181875,-21.777069446287527,Light 121241,Mercury,on,red
64.10550588854912,-21.8439445550576,Light 141247,Mercury,on,pink
64.08082206873394,-21.885355763542574,Light 105866,Halogen,on,red
64.11676093723105,-21.885066602035504,Light 120595,Fluorescent,off,red
64.1179723922976,-21.814251090204507,Light 141514,LED,on,green
64.09657874906208,-21.89228515099581,Light 108471,LED,on,blue
64.14490488180326,-21.932466294258482,Light 141181,LED,off,red
64.09761251059925,-21.859125785224062,Light 171819,Halogen,on,pink
64.0986509035034,-21.795059221861536,Light 105278,Halogen,off,red
64.12981521814575,-21.92309769405869,Light 153646,Halogen,off,green
64.10925574144683,-21.802465219503688,Light 165519,Mercury,on,pink
64.0912242017687,-21.88059332148205,Light 193034,LED,on,blue
64.1347020667985,-21.819939455729138,Light 158850,LED,off,pink
64.11961331934572,-21.811150118421068,Light 115799,Mercury,off,red
64.09692375024594,-21.920544392089553,Light 160713,Mercury,on,blue
64.09440033842918,-21.79694426089363,Light 117164,Halogen,on,red
64.09084692073834,-21.910152045007827,Light 126503,LED,off,pink
64.11172152704722,-21.94303581056597,Light 145332,LED,off,green
64.13778741505133,-21.805806604667698,Light 176260,Mercury,on,purple
64.11727412732989,-21.943270780012128,Light 118035,LED,off,purple
64.0817876594587,-21.912423255852936,Light 135562,LED,on,green
64.13124882300616,-21.86809415214903,Light 189353,LED,off,pink
64.11005754650682,-21.88547637101469,Light 135111,Mercury,off,pink
64.13770016909011,-21.94361318452763,Light 198541,LED,off,red
64.08205489294066,-21.829445806029526,Light 195416,LED,on,green
64.08095776338885,-21.87390207228209,Light 151968,Mercury,on,pink
64.11760883133846,-21.791149654548025,Light 159846,Fluorescent,off,pink
64.13457491131922,-21.81534802182581,Light 173027,Mercury,on,purple
64.14708733228665,-21.92129823493852,Light 102028,Halogen,on,pink
64.09505687711433,-21.8733755617242,Light 111076,Halogen,on,green
64.1482841458776,-21.940447659112568,Light 117282,Fluorescent,on,pink
64.10375681678741,-21.79367620721917,Light 154953,Fluorescent,on,red
64.09904597725262,-21.839597897640502,Light 158726,Fluorescent,on,red
64.1246707603994,-21.775903790664263,Light 169979,Halogen,off,blue
64.11039009335855,-21.777279253787214,Light 131878,Fluorescent,on,green
64.1022753640856,-21.886328810746242,Light 189058,LED,off,red
64.08536054162376,-21.90302395914198,Light 151045,Mercury,on,pink
64.09318129568712,-21.886509874245707,Light 148289,Mercury,off,purple
64.14158862794689,-21.92310255372012,Light 154511,Halogen,off,blue
64.1244801210482,-21.78383733152101,Light 115846,LED,on,pink
64.13716148014261,-21.796203902910335,Light 170968,Halogen,off,red
64.11071673204769,-21.849094281053212,Light 124920,LED,off,blue
64.14541168610674,-21.86616678292414,Light 107185,LED,on,purple
64.11012264135566,-21.900027782768117,Light 166612,Fluorescent,off,red
64.1233097584494,-21.943230572863115,Light 142584,Halogen,off,red
64.11686177963122,-21.936436101101577,Light 177055,Fluorescent,off,purple
64.1286983247281,-21.909643015782684,Light 181401,Halogen,on,blue
64.12918352296849,-21.94971544111742,Light 198988,LED,off,blue
64.08594980173781,-21.915506020898146,Light 132394,LED,off,blue
64.117227259055,-21.928629739248443,Light 137304,Mercury,on,blue
64.10521806542903,-21.828115640191896,Light 172358,Mercury,off,blue
64.13228046757321,-21.793561088633414,Light 125278,Fluorescent,on,purple